instance id,request id,model,input,output,arrival,end_time,latency,queuing_delay,TTFT,TPOT,ITL,npu_cache_hit,storage_cache_hit,prefix_cache_hit,tier_reload_source,evict_npu_to_cpu_bytes,evict_npu_to_cxl_bytes,load_cpu_to_npu_bytes,load_cxl_to_npu_bytes,evict_raw_bytes,evict_stored_bytes,evict_compression_ratio,harp_state_final,harp_stall_time_ns,harp_stall_events,harp_shadow_hit_tokens,harp_decode_tokens,harp_shadow_ratio,tier_transition_bytes_total
0,0,meta-llama/Llama-3.1-8B,256,257,0,53114513,53114513,1,53114513,0,[],0,0,0,NPU,0,0,0,0,0,0,1.0,hot,0,0,0,0,1.0,0
0,1,meta-llama/Llama-3.1-8B,256,257,10000000000,10053229025,53229025,114513,53229025,0,[],0,0,0,NPU,0,0,0,0,0,0,1.0,hot,0,0,0,0,1.0,0
0,2,meta-llama/Llama-3.1-8B,256,257,20000000000,20025241854,25241854,229025,25241854,0,[],256,0,256,NPU,0,0,0,0,0,0,1.0,hot,0,0,0,0,1.0,0
0,3,meta-llama/Llama-3.1-8B,256,257,30000000000,30053357331,53357331,241854,53357331,0,[],0,0,0,NPU,0,0,0,0,0,0,1.0,hot,0,0,0,0,1.0,0
0,4,meta-llama/Llama-3.1-8B,256,257,40000000000,40025370160,25370160,357331,25370160,0,[],256,0,256,NPU,0,0,0,0,0,0,1.0,hot,0,0,0,0,1.0,0
0,5,meta-llama/Llama-3.1-8B,256,257,50000000000,50053485637,53485637,370160,53485637,0,[],0,0,0,NPU,0,0,0,0,0,0,1.0,hot,0,0,0,0,1.0,0
0,6,meta-llama/Llama-3.1-8B,256,257,60000000000,60053601114,53601114,485637,53601114,0,[],0,0,0,NPU,0,0,0,0,0,0,1.0,hot,0,0,0,0,1.0,0
0,7,meta-llama/Llama-3.1-8B,256,257,70000000000,70025613943,25613943,601114,25613943,0,[],256,0,256,NPU,0,0,0,0,0,0,1.0,hot,0,0,0,0,1.0,0
0,8,meta-llama/Llama-3.1-8B,256,257,80000000000,80025626772,25626772,613943,25626772,0,[],256,0,256,NPU,0,0,0,0,0,0,1.0,hot,0,0,0,0,1.0,0
0,9,meta-llama/Llama-3.1-8B,256,257,90000000000,90053742249,53742249,626772,53742249,0,[],0,0,0,NPU,0,0,0,0,0,0,1.0,hot,0,0,0,0,1.0,0
0,10,meta-llama/Llama-3.1-8B,256,257,100000000000,100025755078,25755078,742249,25755078,0,[],256,0,256,NPU,0,0,0,0,0,0,1.0,hot,0,0,0,0,1.0,0
0,11,meta-llama/Llama-3.1-8B,256,257,110000000000,110025767907,25767907,755078,25767907,0,[],256,0,256,NPU,0,0,0,0,0,0,1.0,hot,0,0,0,0,1.0,0
0,12,meta-llama/Llama-3.1-8B,256,257,120000000000,120025780736,25780736,767907,25780736,0,[],256,0,256,NPU,0,0,0,0,0,0,1.0,hot,0,0,0,0,1.0,0
0,13,meta-llama/Llama-3.1-8B,256,257,130000000000,130025793565,25793565,780736,25793565,0,[],256,0,256,NPU,0,0,0,0,0,0,1.0,hot,0,0,0,0,1.0,0
0,14,meta-llama/Llama-3.1-8B,256,257,140000000000,140025806394,25806394,793565,25806394,0,[],256,0,256,NPU,0,0,0,0,0,0,1.0,hot,0,0,0,0,1.0,0
0,15,meta-llama/Llama-3.1-8B,256,257,150000000000,150025819223,25819223,806394,25819223,0,[],256,0,256,NPU,0,0,0,0,0,0,1.0,hot,0,0,0,0,1.0,0
0,16,meta-llama/Llama-3.1-8B,256,257,160000000000,160025832052,25832052,819223,25832052,0,[],256,0,256,NPU,0,0,0,0,0,0,1.0,hot,0,0,0,0,1.0,0
0,17,meta-llama/Llama-3.1-8B,256,257,170000000000,170025844881,25844881,832052,25844881,0,[],256,0,256,NPU,0,0,0,0,0,0,1.0,hot,0,0,0,0,1.0,0
0,18,meta-llama/Llama-3.1-8B,256,257,180000000000,180025857710,25857710,844881,25857710,0,[],256,0,256,NPU,0,0,0,0,0,0,1.0,hot,0,0,0,0,1.0,0
0,19,meta-llama/Llama-3.1-8B,256,257,190000000000,190025870539,25870539,857710,25870539,0,[],256,0,256,NPU,0,0,0,0,0,0,1.0,hot,0,0,0,0,1.0,0
0,20,meta-llama/Llama-3.1-8B,256,257,200000000000,200025883368,25883368,870539,25883368,0,[],256,0,256,NPU,0,0,0,0,0,0,1.0,hot,0,0,0,0,1.0,0
0,21,meta-llama/Llama-3.1-8B,256,257,210000000000,210025896197,25896197,883368,25896197,0,[],256,0,256,NPU,0,0,0,0,0,0,1.0,hot,0,0,0,0,1.0,0
0,22,meta-llama/Llama-3.1-8B,256,257,220000000000,220025909026,25909026,896197,25909026,0,[],256,0,256,NPU,0,0,0,0,0,0,1.0,hot,0,0,0,0,1.0,0
0,23,meta-llama/Llama-3.1-8B,256,257,230000000000,230025921855,25921855,909026,25921855,0,[],256,0,256,NPU,0,0,0,0,0,0,1.0,hot,0,0,0,0,1.0,0
0,24,meta-llama/Llama-3.1-8B,256,257,240000000000,240025934684,25934684,921855,25934684,0,[],256,0,256,NPU,0,0,0,0,0,0,1.0,hot,0,0,0,0,1.0,0
0,25,meta-llama/Llama-3.1-8B,256,257,250000000000,250025947513,25947513,934684,25947513,0,[],256,0,256,NPU,0,0,0,0,0,0,1.0,hot,0,0,0,0,1.0,0
0,26,meta-llama/Llama-3.1-8B,256,257,260000000000,260054062990,54062990,947513,54062990,0,[],0,0,0,NPU,0,0,0,0,0,0,1.0,hot,0,0,0,0,1.0,0
0,27,meta-llama/Llama-3.1-8B,256,257,270000000000,270025075819,25075819,62990,25075819,0,[],256,0,256,NPU,0,0,0,0,0,0,1.0,hot,0,0,0,0,1.0,0
0,28,meta-llama/Llama-3.1-8B,256,257,280000000000,280025088648,25088648,75819,25088648,0,[],256,0,256,NPU,0,0,0,0,0,0,1.0,hot,0,0,0,0,1.0,0
