accelerator,model,tier,policy,workload,status,mean_ttft_ms,mean_tpot_ms,mean_latency_ms,p99_ttft_ms,p99_tpot_ms,num_requests,generated_tokens_total,mean_stall_ms_per_request,shadow_hit_rate,evict_npu_to_cpu_bytes,evict_npu_to_cxl_bytes,load_cpu_to_npu_bytes,load_cxl_to_npu_bytes,evicpress_compression_events,evicpress_compressed_bytes_saved,evicpress_ratio_sum,harp_prefetch_bytes_total,harp_prefetch_bytes_progress,harp_prefetch_overlap_bytes,harp_stall_time_ns,harp_stall_events,harp_shadow_hit_tokens,harp_decode_tokens_total,harp_shadow_ratio_sum,harp_shadow_ratio_events,tier_transition_bytes_total,tier_transition_mb_total,evicpress_avg_ratio,stall_overlap_ratio,harp_avg_shadow_ratio,transition_mb_per_generated_token
A6000,llama8b,cpu_dram,tail,fixed_256,ok,92344.40771678125,49.924898296875,117856.0310110039,196257.4316364,89.82116979999996,256.0,131072.0,0.0,0.0,4649385984.0,0.0,4649385984.0,0.0,0.0,0.0,0.0,0.0,0.0,0.0,0.0,0.0,0.0,0.0,0.0,0.0,9298771968.0,8868.0,1.0,0.0,1.0,0.067657470703125
A6000,llama8b,cpu_dram,fifo,fixed_256,ok,683464.1668407149,530.3891888124999,954493.0425844531,1528609.2260525997,714.3222360999999,256.0,131072.0,0.0,0.0,25432162304.0,0.0,25432162304.0,0.0,0.0,0.0,0.0,0.0,0.0,0.0,0.0,0.0,0.0,0.0,0.0,0.0,50864324608.0,48508.0,1.0,0.0,1.0,0.370086669921875
A6000,llama8b,cpu_dram,lru,fixed_256,ok,95111.87557078125,60.633638999999995,126095.66534074218,213187.97026354994,92.46365984999997,256.0,131072.0,0.0,0.0,7537164288.0,0.0,7537164288.0,0.0,0.0,0.0,0.0,0.0,0.0,0.0,0.0,0.0,0.0,0.0,0.0,0.0,15074328576.0,14376.0,1.0,0.0,1.0,0.10968017578125
A6000,llama8b,cpu_dram,largest_kv,fixed_256,ok,557926.0807774687,345.74694491796873,734602.7698862851,1198009.40911675,603.63818235,256.0,131072.0,0.0,0.0,28252831744.0,0.0,28252831744.0,0.0,0.0,0.0,0.0,0.0,0.0,0.0,0.0,0.0,0.0,0.0,0.0,0.0,56505663488.0,53888.0,1.0,0.0,1.0,0.4111328125
A6000,llama8b,cpu_dram,smallest_kv,fixed_256,ok,90501.2098391328,52.43648880859375,117296.25588385937,190003.01364025,90.53984089999996,256.0,131072.0,0.0,0.0,5825888256.0,0.0,5825888256.0,0.0,0.0,0.0,0.0,0.0,0.0,0.0,0.0,0.0,0.0,0.0,0.0,0.0,11651776512.0,11112.0,1.0,0.0,1.0,0.08477783203125
A6000,llama8b,cpu_dram,random,fixed_256,ok,115753.51996804297,69.38535185546874,151209.43501001562,246448.09900435,120.16644519999997,256.0,131072.0,0.0,0.0,10234101760.0,0.0,10234101760.0,0.0,0.0,0.0,0.0,0.0,0.0,0.0,0.0,0.0,0.0,0.0,0.0,0.0,20468203520.0,19520.0,1.0,0.0,1.0,0.14892578125
A6000,llama8b,cpu_dram,evicpress,fixed_256,ok,120530.93430852343,62.18825725,152309.13402535938,241409.3785914,143.45305804999998,256.0,131072.0,0.0,0.0,36538679296.0,0.0,36538679296.0,0.0,0.0,0.0,0.0,0.0,0.0,0.0,0.0,0.0,0.0,0.0,0.0,0.0,73077358592.0,69692.0,1.0,0.0,1.0,0.531707763671875
A6000,llama8b,cxl,tail,fixed_256,ok,92398.98094586328,49.947796515625,117922.30521873046,196357.1513414,89.88367519999996,256.0,131072.0,0.0,0.0,0.0,4649385984.0,0.0,4649385984.0,0.0,0.0,0.0,0.0,0.0,0.0,0.0,0.0,0.0,0.0,0.0,0.0,9298771968.0,8868.0,1.0,0.0,1.0,0.067657470703125
A6000,llama8b,cxl,fifo,fixed_256,ok,683682.211432078,530.5593968281249,954798.0634667656,1529101.50688775,714.5505637499999,256.0,131072.0,0.0,0.0,0.0,25432162304.0,0.0,25432162304.0,0.0,0.0,0.0,0.0,0.0,0.0,0.0,0.0,0.0,0.0,0.0,0.0,50864324608.0,48508.0,1.0,0.0,1.0,0.370086669921875
A6000,llama8b,cxl,lru,fixed_256,ok,95182.93613251172,60.673938625,126187.31903760937,213353.21908774995,92.52901554999998,256.0,131072.0,0.0,0.0,0.0,7537164288.0,0.0,7537164288.0,0.0,0.0,0.0,0.0,0.0,0.0,0.0,0.0,0.0,0.0,0.0,0.0,15074328576.0,14376.0,1.0,0.0,1.0,0.10968017578125
A6000,llama8b,cxl,largest_kv,fixed_256,ok,558182.3437045116,345.91166899999996,734943.2068307226,1198590.9842213998,603.8745917499999,256.0,131072.0,0.0,0.0,0.0,28252831744.0,0.0,28252831744.0,0.0,0.0,0.0,0.0,0.0,0.0,0.0,0.0,0.0,0.0,0.0,0.0,56505663488.0,53888.0,1.0,0.0,1.0,0.4111328125
A6000,llama8b,cxl,smallest_kv,fixed_256,ok,90560.32113064453,52.4653361015625,117370.10812078515,190122.80707225,90.60192719999995,256.0,131072.0,0.0,0.0,0.0,5825888256.0,0.0,5825888256.0,0.0,0.0,0.0,0.0,0.0,0.0,0.0,0.0,0.0,0.0,0.0,0.0,11651776512.0,11112.0,1.0,0.0,1.0,0.08477783203125
A6000,llama8b,cxl,random,fixed_256,ok,110912.25578721483,63.546799152343745,143384.67039202343,232348.47368435,112.05432244999999,256.0,131072.0,0.0,0.0,0.0,9187622912.0,0.0,9187622912.0,0.0,0.0,0.0,0.0,0.0,0.0,0.0,0.0,0.0,0.0,0.0,0.0,18375245824.0,17524.0,1.0,0.0,1.0,0.133697509765625
A6000,llama8b,cxl,evicpress,fixed_256,ok,120530.93430852343,62.18825725,152309.13402535938,241409.3785914,143.45305804999998,256.0,131072.0,0.0,0.0,36538679296.0,0.0,36538679296.0,0.0,0.0,0.0,0.0,0.0,0.0,0.0,0.0,0.0,0.0,0.0,0.0,0.0,73077358592.0,69692.0,1.0,0.0,1.0,0.531707763671875
A6000,llama8b,pcie_nvme,tail,fixed_256,ok,93157.69470089843,50.26635326953125,118843.8014875625,197744.68354839997,90.75109274999997,256.0,131072.0,0.0,0.0,0.0,4649385984.0,0.0,4649385984.0,0.0,0.0,0.0,0.0,0.0,0.0,0.0,0.0,0.0,0.0,0.0,0.0,9298771968.0,8868.0,1.0,0.0,1.0,0.067657470703125
A6000,llama8b,pcie_nvme,fifo,fixed_256,ok,686678.242991461,532.8978480507812,958989.0435981953,1535865.3743268498,717.6877579,256.0,131072.0,0.0,0.0,0.0,25432162304.0,0.0,25432162304.0,0.0,0.0,0.0,0.0,0.0,0.0,0.0,0.0,0.0,0.0,0.0,0.0,50864324608.0,48508.0,1.0,0.0,1.0,0.370086669921875
A6000,llama8b,pcie_nvme,lru,fixed_256,ok,96168.37804872265,61.232591453124996,127458.23254060156,215643.33480744995,93.43540129999998,256.0,131072.0,0.0,0.0,0.0,7537164288.0,0.0,7537164288.0,0.0,0.0,0.0,0.0,0.0,0.0,0.0,0.0,0.0,0.0,0.0,0.0,15074328576.0,14376.0,1.0,0.0,1.0,0.10968017578125
A6000,llama8b,pcie_nvme,largest_kv,fixed_256,ok,561700.0596738437,348.1724522304687,739616.1830256953,1206573.1875232,607.1209613999999,256.0,131072.0,0.0,0.0,0.0,28252831744.0,0.0,28252831744.0,0.0,0.0,0.0,0.0,0.0,0.0,0.0,0.0,0.0,0.0,0.0,0.0,56505663488.0,53888.0,1.0,0.0,1.0,0.4111328125
A6000,llama8b,pcie_nvme,smallest_kv,fixed_256,ok,91382.80113512109,52.866956828125,118397.81635077343,191790.88042924998,91.46395474999997,256.0,131072.0,0.0,0.0,0.0,5825888256.0,0.0,5825888256.0,0.0,0.0,0.0,0.0,0.0,0.0,0.0,0.0,0.0,0.0,0.0,0.0,11651776512.0,11112.0,1.0,0.0,1.0,0.08477783203125
A6000,llama8b,pcie_nvme,random,fixed_256,ok,113787.87439973047,64.5935998515625,146795.20420371875,236145.8755811,124.23512944999993,256.0,131072.0,0.0,0.0,0.0,9669967872.0,0.0,9669967872.0,0.0,0.0,0.0,0.0,0.0,0.0,0.0,0.0,0.0,0.0,0.0,0.0,19339935744.0,18444.0,1.0,0.0,1.0,0.140716552734375
A6000,llama8b,pcie_nvme,evicpress,fixed_256,ok,120530.93430852343,62.18825725,152309.13402535938,241409.3785914,143.45305804999998,256.0,131072.0,0.0,0.0,36538679296.0,0.0,36538679296.0,0.0,0.0,0.0,0.0,0.0,0.0,0.0,0.0,0.0,0.0,0.0,0.0,0.0,73077358592.0,69692.0,1.0,0.0,1.0,0.531707763671875
A6000,llama8b,ssd,tail,fixed_256,ok,92414.05286326952,49.955435214843746,117941.28050501172,196391.9408854,89.89117809999996,256.0,131072.0,0.0,0.0,0.0,4649385984.0,0.0,4649385984.0,0.0,0.0,0.0,0.0,0.0,0.0,0.0,0.0,0.0,0.0,0.0,0.0,9298771968.0,8868.0,1.0,0.0,1.0,0.067657470703125
A6000,llama8b,ssd,fifo,fixed_256,ok,683522.6277142343,530.433033203125,954573.907927828,1528739.32289295,714.3826687999999,256.0,131072.0,0.0,0.0,0.0,25432162304.0,0.0,25432162304.0,0.0,0.0,0.0,0.0,0.0,0.0,0.0,0.0,0.0,0.0,0.0,0.0,50864324608.0,48508.0,1.0,0.0,1.0,0.370086669921875
A6000,llama8b,ssd,lru,fixed_256,ok,95187.02656238672,60.67496232421875,126191.93256123437,213353.41990134993,92.53313414999997,256.0,131072.0,0.0,0.0,0.0,7537164288.0,0.0,7537164288.0,0.0,0.0,0.0,0.0,0.0,0.0,0.0,0.0,0.0,0.0,0.0,0.0,15074328576.0,14376.0,1.0,0.0,1.0,0.10968017578125
A6000,llama8b,ssd,largest_kv,fixed_256,ok,557973.0932435741,345.774767953125,734663.9999288789,1198109.3702025998,603.6889894,256.0,131072.0,0.0,0.0,0.0,28252831744.0,0.0,28252831744.0,0.0,0.0,0.0,0.0,0.0,0.0,0.0,0.0,0.0,0.0,0.0,0.0,56505663488.0,53888.0,1.0,0.0,1.0,0.4111328125
A6000,llama8b,ssd,smallest_kv,fixed_256,ok,90580.85888136328,52.47684093359375,117396.5248711289,190172.26786425,90.61197689999996,256.0,131072.0,0.0,0.0,0.0,5825888256.0,0.0,5825888256.0,0.0,0.0,0.0,0.0,0.0,0.0,0.0,0.0,0.0,0.0,0.0,0.0,11651776512.0,11112.0,1.0,0.0,1.0,0.08477783203125
A6000,llama8b,ssd,random,fixed_256,ok,116857.09761042969,65.81949459375,150490.85958901563,239989.12675135,131.41686329999996,256.0,131072.0,0.0,0.0,0.0,9263120384.0,0.0,9263120384.0,0.0,0.0,0.0,0.0,0.0,0.0,0.0,0.0,0.0,0.0,0.0,0.0,18526240768.0,17668.0,1.0,0.0,1.0,0.134796142578125
A6000,llama8b,ssd,evicpress,fixed_256,ok,120530.93430852343,62.18825725,152309.13402535938,241409.3785914,143.45305804999998,256.0,131072.0,0.0,0.0,36538679296.0,0.0,36538679296.0,0.0,0.0,0.0,0.0,0.0,0.0,0.0,0.0,0.0,0.0,0.0,0.0,0.0,73077358592.0,69692.0,1.0,0.0,1.0,0.531707763671875
A6000,llama8b,ethernet,tail,fixed_256,ok,94056.02453244921,50.644386125,119935.30609522655,199392.2662654,91.77177514999995,256.0,131072.0,0.0,0.0,0.0,4649385984.0,0.0,4649385984.0,0.0,0.0,0.0,0.0,0.0,0.0,0.0,0.0,0.0,0.0,0.0,0.0,9298771968.0,8868.0,1.0,0.0,1.0,0.067657470703125
A6000,llama8b,ethernet,fifo,fixed_256,ok,690082.4426230078,535.5537010585937,963750.3841313593,1543549.48000675,721.2518331999999,256.0,131072.0,0.0,0.0,0.0,25432162304.0,0.0,25432162304.0,0.0,0.0,0.0,0.0,0.0,0.0,0.0,0.0,0.0,0.0,0.0,0.0,50864324608.0,48508.0,1.0,0.0,1.0,0.370086669921875
A6000,llama8b,ethernet,lru,fixed_256,ok,97325.04020657421,61.887463792968745,128949.5344565039,218325.27783334994,94.49950479999998,256.0,131072.0,0.0,0.0,0.0,7537164288.0,0.0,7537164288.0,0.0,0.0,0.0,0.0,0.0,0.0,0.0,0.0,0.0,0.0,0.0,0.0,15074328576.0,14376.0,1.0,0.0,1.0,0.10968017578125
A6000,llama8b,ethernet,largest_kv,fixed_256,ok,565682.7208641992,350.73046832421875,744905.9904356913,1215605.9789886998,610.80131735,256.0,131072.0,0.0,0.0,0.0,28252831744.0,0.0,28252831744.0,0.0,0.0,0.0,0.0,0.0,0.0,0.0,0.0,0.0,0.0,0.0,0.0,56505663488.0,53888.0,1.0,0.0,1.0,0.4111328125
A6000,llama8b,ethernet,smallest_kv,fixed_256,ok,92359.37481264063,53.34478678125,119618.56113432422,193776.57302825,92.47998789999995,256.0,131072.0,0.0,0.0,0.0,5825888256.0,0.0,5825888256.0,0.0,0.0,0.0,0.0,0.0,0.0,0.0,0.0,0.0,0.0,0.0,0.0,11651776512.0,11112.0,1.0,0.0,1.0,0.08477783203125
A6000,llama8b,ethernet,random,fixed_256,ok,119815.35682966406,71.44814375390625,156325.35854745703,249255.67799089983,134.04928664999994,256.0,131072.0,0.0,0.0,0.0,10420748288.0,0.0,10420748288.0,0.0,0.0,0.0,0.0,0.0,0.0,0.0,0.0,0.0,0.0,0.0,0.0,20841496576.0,19876.0,1.0,0.0,1.0,0.151641845703125
A6000,llama8b,ethernet,evicpress,fixed_256,ok,120530.93430852343,62.18825725,152309.13402535938,241409.3785914,143.45305804999998,256.0,131072.0,0.0,0.0,36538679296.0,0.0,36538679296.0,0.0,0.0,0.0,0.0,0.0,0.0,0.0,0.0,0.0,0.0,0.0,0.0,0.0,73077358592.0,69692.0,1.0,0.0,1.0,0.531707763671875
