prefill_chunk,kv_prefill,n_decode,kv_decode,time_us
0,0,1,0,5.444
0,0,1,64,5.463
0,0,1,128,7.018
0,0,1,256,10.359
0,0,1,512,17.267
0,0,1,1024,30.945
0,0,1,2048,57.712
0,0,2,0,5.26
0,0,2,64,5.279
0,0,2,128,5.765
0,0,2,256,7.836
0,0,2,512,11.068
0,0,2,1024,17.757
0,0,2,2048,31.436
0,0,4,0,5.311
0,0,4,64,5.311
0,0,4,128,5.315
0,0,4,256,5.771
0,0,4,512,7.812
0,0,4,1024,11.088
0,0,4,2048,17.931
0,0,8,0,5.472
0,0,8,64,5.472
0,0,8,128,5.492
0,0,8,256,5.525
0,0,8,512,6.217
0,0,8,1024,7.874
0,0,8,2048,11.692
0,0,16,0,7.102
0,0,16,64,7.103
0,0,16,128,7.133
0,0,16,256,7.23
0,0,16,512,7.361
0,0,16,1024,7.781
0,0,16,2048,11.289
0,0,32,0,11.19
0,0,32,64,12.421
0,0,32,128,12.45
0,0,32,256,12.507
0,0,32,512,12.546
0,0,32,1024,12.717
0,0,32,2048,13.97
0,0,64,0,2.644
0,0,64,64,20.422
0,0,64,128,22.62
0,0,64,256,22.633
0,0,64,512,22.634
0,0,64,1024,22.766
0,0,64,2048,22.977
0,0,128,0,2.634
0,0,128,64,2.632
0,0,128,128,41.39
0,0,128,256,41.375
0,0,128,512,41.316
0,0,128,1024,41.335
0,0,128,2048,41.627
0,0,256,0,2.718
0,0,256,64,2.713
0,0,256,128,2.729
0,0,256,256,77.617
0,0,256,512,78.716
0,0,256,1024,78.897
0,0,256,2048,79.058
0,64,1,0,5.444
0,64,1,64,5.463
0,64,1,128,7.018
0,64,1,256,10.359
0,64,1,512,17.267
0,64,1,1024,30.945
0,64,1,2048,57.712
0,64,2,0,5.26
0,64,2,64,5.279
0,64,2,128,5.765
0,64,2,256,7.836
0,64,2,512,11.068
0,64,2,1024,17.757
0,64,2,2048,31.436
0,64,4,0,5.311
0,64,4,64,5.311
0,64,4,128,5.315
0,64,4,256,5.771
0,64,4,512,7.812
0,64,4,1024,11.088
0,64,4,2048,17.931
0,64,8,0,5.472
0,64,8,64,5.472
0,64,8,128,5.492
0,64,8,256,5.525
0,64,8,512,6.217
0,64,8,1024,7.874
0,64,8,2048,11.692
0,64,16,0,7.102
0,64,16,64,7.103
0,64,16,128,7.133
0,64,16,256,7.23
0,64,16,512,7.361
0,64,16,1024,7.781
0,64,16,2048,11.289
0,64,32,0,11.19
0,64,32,64,12.421
0,64,32,128,12.45
0,64,32,256,12.507
0,64,32,512,12.546
0,64,32,1024,12.717
0,64,32,2048,13.97
0,64,64,0,2.644
0,64,64,64,20.422
0,64,64,128,22.62
0,64,64,256,22.633
0,64,64,512,22.634
0,64,64,1024,22.766
0,64,64,2048,22.977
0,64,128,0,2.634
0,64,128,64,2.632
0,64,128,128,41.39
0,64,128,256,41.375
0,64,128,512,41.316
0,64,128,1024,41.335
0,64,128,2048,41.627
0,64,256,0,2.718
0,64,256,64,2.713
0,64,256,128,2.729
0,64,256,256,77.617
0,64,256,512,78.716
0,64,256,1024,78.897
0,64,256,2048,79.058
0,128,1,0,5.444
0,128,1,64,5.463
0,128,1,128,7.018
0,128,1,256,10.359
0,128,1,512,17.267
0,128,1,1024,30.945
0,128,1,2048,57.712
0,128,2,0,5.26
0,128,2,64,5.279
0,128,2,128,5.765
0,128,2,256,7.836
0,128,2,512,11.068
0,128,2,1024,17.757
0,128,2,2048,31.436
0,128,4,0,5.311
0,128,4,64,5.311
0,128,4,128,5.315
0,128,4,256,5.771
0,128,4,512,7.812
0,128,4,1024,11.088
0,128,4,2048,17.931
0,128,8,0,5.472
0,128,8,64,5.472
0,128,8,128,5.492
0,128,8,256,5.525
0,128,8,512,6.217
0,128,8,1024,7.874
0,128,8,2048,11.692
0,128,16,0,7.102
0,128,16,64,7.103
0,128,16,128,7.133
0,128,16,256,7.23
0,128,16,512,7.361
0,128,16,1024,7.781
0,128,16,2048,11.289
0,128,32,0,11.19
0,128,32,64,12.421
0,128,32,128,12.45
0,128,32,256,12.507
0,128,32,512,12.546
0,128,32,1024,12.717
0,128,32,2048,13.97
0,128,64,0,2.644
0,128,64,64,20.422
0,128,64,128,22.62
0,128,64,256,22.633
0,128,64,512,22.634
0,128,64,1024,22.766
0,128,64,2048,22.977
0,128,128,0,2.634
0,128,128,64,2.632
0,128,128,128,41.39
0,128,128,256,41.375
0,128,128,512,41.316
0,128,128,1024,41.335
0,128,128,2048,41.627
0,128,256,0,2.718
0,128,256,64,2.713
0,128,256,128,2.729
0,128,256,256,77.617
0,128,256,512,78.716
0,128,256,1024,78.897
0,128,256,2048,79.058
0,256,1,0,5.444
0,256,1,64,5.463
0,256,1,128,7.018
0,256,1,256,10.359
0,256,1,512,17.267
0,256,1,1024,30.945
0,256,1,2048,57.712
0,256,2,0,5.26
0,256,2,64,5.279
0,256,2,128,5.765
0,256,2,256,7.836
0,256,2,512,11.068
0,256,2,1024,17.757
0,256,2,2048,31.436
0,256,4,0,5.311
0,256,4,64,5.311
0,256,4,128,5.315
0,256,4,256,5.771
0,256,4,512,7.812
0,256,4,1024,11.088
0,256,4,2048,17.931
0,256,8,0,5.472
0,256,8,64,5.472
0,256,8,128,5.492
0,256,8,256,5.525
0,256,8,512,6.217
0,256,8,1024,7.874
0,256,8,2048,11.692
0,256,16,0,7.102
0,256,16,64,7.103
0,256,16,128,7.133
0,256,16,256,7.23
0,256,16,512,7.361
0,256,16,1024,7.781
0,256,16,2048,11.289
0,256,32,0,11.19
0,256,32,64,12.421
0,256,32,128,12.45
0,256,32,256,12.507
0,256,32,512,12.546
0,256,32,1024,12.717
0,256,32,2048,13.97
0,256,64,0,2.644
0,256,64,64,20.422
0,256,64,128,22.62
0,256,64,256,22.633
0,256,64,512,22.634
0,256,64,1024,22.766
0,256,64,2048,22.977
0,256,128,0,2.634
0,256,128,64,2.632
0,256,128,128,41.39
0,256,128,256,41.375
0,256,128,512,41.316
0,256,128,1024,41.335
0,256,128,2048,41.627
0,256,256,0,2.718
0,256,256,64,2.713
0,256,256,128,2.729
0,256,256,256,77.617
0,256,256,512,78.716
0,256,256,1024,78.897
0,256,256,2048,79.058
0,512,1,0,5.444
0,512,1,64,5.463
0,512,1,128,7.018
0,512,1,256,10.359
0,512,1,512,17.267
0,512,1,1024,30.945
0,512,1,2048,57.712
0,512,2,0,5.26
0,512,2,64,5.279
0,512,2,128,5.765
0,512,2,256,7.836
0,512,2,512,11.068
0,512,2,1024,17.757
0,512,2,2048,31.436
0,512,4,0,5.311
0,512,4,64,5.311
0,512,4,128,5.315
0,512,4,256,5.771
0,512,4,512,7.812
0,512,4,1024,11.088
0,512,4,2048,17.931
0,512,8,0,5.472
0,512,8,64,5.472
0,512,8,128,5.492
0,512,8,256,5.525
0,512,8,512,6.217
0,512,8,1024,7.874
0,512,8,2048,11.692
0,512,16,0,7.102
0,512,16,64,7.103
0,512,16,128,7.133
0,512,16,256,7.23
0,512,16,512,7.361
0,512,16,1024,7.781
0,512,16,2048,11.289
0,512,32,0,11.19
0,512,32,64,12.421
0,512,32,128,12.45
0,512,32,256,12.507
0,512,32,512,12.546
0,512,32,1024,12.717
0,512,32,2048,13.97
0,512,64,0,2.644
0,512,64,64,20.422
0,512,64,128,22.62
0,512,64,256,22.633
0,512,64,512,22.634
0,512,64,1024,22.766
0,512,64,2048,22.977
0,512,128,0,2.634
0,512,128,64,2.632
0,512,128,128,41.39
0,512,128,256,41.375
0,512,128,512,41.316
0,512,128,1024,41.335
0,512,128,2048,41.627
0,512,256,0,2.718
0,512,256,64,2.713
0,512,256,128,2.729
0,512,256,256,77.617
0,512,256,512,78.716
0,512,256,1024,78.897
0,512,256,2048,79.058
0,1024,1,0,5.444
0,1024,1,64,5.463
0,1024,1,128,7.018
0,1024,1,256,10.359
0,1024,1,512,17.267
0,1024,1,1024,30.945
0,1024,1,2048,57.712
0,1024,2,0,5.26
0,1024,2,64,5.279
0,1024,2,128,5.765
0,1024,2,256,7.836
0,1024,2,512,11.068
0,1024,2,1024,17.757
0,1024,2,2048,31.436
0,1024,4,0,5.311
0,1024,4,64,5.311
0,1024,4,128,5.315
0,1024,4,256,5.771
0,1024,4,512,7.812
0,1024,4,1024,11.088
0,1024,4,2048,17.931
0,1024,8,0,5.472
0,1024,8,64,5.472
0,1024,8,128,5.492
0,1024,8,256,5.525
0,1024,8,512,6.217
0,1024,8,1024,7.874
0,1024,8,2048,11.692
0,1024,16,0,7.102
0,1024,16,64,7.103
0,1024,16,128,7.133
0,1024,16,256,7.23
0,1024,16,512,7.361
0,1024,16,1024,7.781
0,1024,16,2048,11.289
0,1024,32,0,11.19
0,1024,32,64,12.421
0,1024,32,128,12.45
0,1024,32,256,12.507
0,1024,32,512,12.546
0,1024,32,1024,12.717
0,1024,32,2048,13.97
0,1024,64,0,2.644
0,1024,64,64,20.422
0,1024,64,128,22.62
0,1024,64,256,22.633
0,1024,64,512,22.634
0,1024,64,1024,22.766
0,1024,64,2048,22.977
0,1024,128,0,2.634
0,1024,128,64,2.632
0,1024,128,128,41.39
0,1024,128,256,41.375
0,1024,128,512,41.316
0,1024,128,1024,41.335
0,1024,128,2048,41.627
0,1024,256,0,2.718
0,1024,256,64,2.713
0,1024,256,128,2.729
0,1024,256,256,77.617
0,1024,256,512,78.716
0,1024,256,1024,78.897
0,1024,256,2048,79.058
0,2048,1,0,5.444
0,2048,1,64,5.463
0,2048,1,128,7.018
0,2048,1,256,10.359
0,2048,1,512,17.267
0,2048,1,1024,30.945
0,2048,1,2048,57.712
0,2048,2,0,5.26
0,2048,2,64,5.279
0,2048,2,128,5.765
0,2048,2,256,7.836
0,2048,2,512,11.068
0,2048,2,1024,17.757
0,2048,2,2048,31.436
0,2048,4,0,5.311
0,2048,4,64,5.311
0,2048,4,128,5.315
0,2048,4,256,5.771
0,2048,4,512,7.812
0,2048,4,1024,11.088
0,2048,4,2048,17.931
0,2048,8,0,5.472
0,2048,8,64,5.472
0,2048,8,128,5.492
0,2048,8,256,5.525
0,2048,8,512,6.217
0,2048,8,1024,7.874
0,2048,8,2048,11.692
0,2048,16,0,7.102
0,2048,16,64,7.103
0,2048,16,128,7.133
0,2048,16,256,7.23
0,2048,16,512,7.361
0,2048,16,1024,7.781
0,2048,16,2048,11.289
0,2048,32,0,11.19
0,2048,32,64,12.421
0,2048,32,128,12.45
0,2048,32,256,12.507
0,2048,32,512,12.546
0,2048,32,1024,12.717
0,2048,32,2048,13.97
0,2048,64,0,2.644
0,2048,64,64,20.422
0,2048,64,128,22.62
0,2048,64,256,22.633
0,2048,64,512,22.634
0,2048,64,1024,22.766
0,2048,64,2048,22.977
0,2048,128,0,2.634
0,2048,128,64,2.632
0,2048,128,128,41.39
0,2048,128,256,41.375
0,2048,128,512,41.316
0,2048,128,1024,41.335
0,2048,128,2048,41.627
0,2048,256,0,2.718
0,2048,256,64,2.713
0,2048,256,128,2.729
0,2048,256,256,77.617
0,2048,256,512,78.716
0,2048,256,1024,78.897
0,2048,256,2048,79.058
32,0,0,0,5.407
32,0,0,64,5.407
32,0,0,128,5.407
32,0,0,256,5.407
32,0,0,512,5.407
32,0,0,1024,5.407
32,0,0,2048,5.407
32,0,1,0,10.851
32,0,1,64,10.87
32,0,1,128,12.425
32,0,1,256,15.766
32,0,1,512,22.674
32,0,1,1024,36.352
32,0,1,2048,63.119
32,0,2,0,10.667
32,0,2,64,10.686
32,0,2,128,11.172
32,0,2,256,13.243
32,0,2,512,16.475
32,0,2,1024,23.164
32,0,2,2048,36.843
32,0,4,0,10.718
32,0,4,64,10.718
32,0,4,128,10.722
32,0,4,256,11.178
32,0,4,512,13.219
32,0,4,1024,16.495
32,0,4,2048,23.338
32,0,8,0,10.879
32,0,8,64,10.879
32,0,8,128,10.899
32,0,8,256,10.932
32,0,8,512,11.624
32,0,8,1024,13.281
32,0,8,2048,17.099
32,0,16,0,12.509
32,0,16,64,12.51
32,0,16,128,12.54
32,0,16,256,12.637
32,0,16,512,12.768
32,0,16,1024,13.188
32,0,16,2048,16.696
32,0,32,0,16.597
32,0,32,64,17.828
32,0,32,128,17.857
32,0,32,256,17.914
32,0,32,512,17.953
32,0,32,1024,18.124
32,0,32,2048,19.377
32,0,64,0,8.051
32,0,64,64,25.829
32,0,64,128,28.027
32,0,64,256,28.04
32,0,64,512,28.041
32,0,64,1024,28.173
32,0,64,2048,28.384
32,0,128,0,8.041
32,0,128,64,8.039
32,0,128,128,46.797
32,0,128,256,46.782
32,0,128,512,46.723
32,0,128,1024,46.742
32,0,128,2048,47.034
32,0,256,0,8.125
32,0,256,64,8.12
32,0,256,128,8.136
32,0,256,256,83.024
32,0,256,512,84.123
32,0,256,1024,84.304
32,0,256,2048,84.465
32,64,0,0,5.41
32,64,0,64,5.41
32,64,0,128,5.41
32,64,0,256,5.41
32,64,0,512,5.41
32,64,0,1024,5.41
32,64,0,2048,5.41
32,64,1,0,10.854
32,64,1,64,10.873
32,64,1,128,12.428
32,64,1,256,15.769
32,64,1,512,22.677
32,64,1,1024,36.355
32,64,1,2048,63.122
32,64,2,0,10.67
32,64,2,64,10.689
32,64,2,128,11.175
32,64,2,256,13.246
32,64,2,512,16.478
32,64,2,1024,23.167
32,64,2,2048,36.846
32,64,4,0,10.721
32,64,4,64,10.721
32,64,4,128,10.725
32,64,4,256,11.181
32,64,4,512,13.222
32,64,4,1024,16.498
32,64,4,2048,23.341
32,64,8,0,10.882
32,64,8,64,10.882
32,64,8,128,10.902
32,64,8,256,10.935
32,64,8,512,11.627
32,64,8,1024,13.284
32,64,8,2048,17.102
32,64,16,0,12.512
32,64,16,64,12.513
32,64,16,128,12.543
32,64,16,256,12.64
32,64,16,512,12.771
32,64,16,1024,13.191
32,64,16,2048,16.699
32,64,32,0,16.6
32,64,32,64,17.831
32,64,32,128,17.86
32,64,32,256,17.917
32,64,32,512,17.956
32,64,32,1024,18.127
32,64,32,2048,19.38
32,64,64,0,8.054
32,64,64,64,25.832
32,64,64,128,28.03
32,64,64,256,28.043
32,64,64,512,28.044
32,64,64,1024,28.176
32,64,64,2048,28.387
32,64,128,0,8.044
32,64,128,64,8.042
32,64,128,128,46.8
32,64,128,256,46.785
32,64,128,512,46.726
32,64,128,1024,46.745
32,64,128,2048,47.037
32,64,256,0,8.128
32,64,256,64,8.123
32,64,256,128,8.139
32,64,256,256,83.027
32,64,256,512,84.126
32,64,256,1024,84.307
32,64,256,2048,84.468
32,128,0,0,7.256
32,128,0,64,7.256
32,128,0,128,7.256
32,128,0,256,7.256
32,128,0,512,7.256
32,128,0,1024,7.256
32,128,0,2048,7.256
32,128,1,0,12.7
32,128,1,64,12.719
32,128,1,128,14.274
32,128,1,256,17.615
32,128,1,512,24.523
32,128,1,1024,38.201
32,128,1,2048,64.968
32,128,2,0,12.516
32,128,2,64,12.535
32,128,2,128,13.021
32,128,2,256,15.092
32,128,2,512,18.324
32,128,2,1024,25.013
32,128,2,2048,38.692
32,128,4,0,12.567
32,128,4,64,12.567
32,128,4,128,12.571
32,128,4,256,13.027
32,128,4,512,15.068
32,128,4,1024,18.344
32,128,4,2048,25.187
32,128,8,0,12.728
32,128,8,64,12.728
32,128,8,128,12.748
32,128,8,256,12.781
32,128,8,512,13.473
32,128,8,1024,15.13
32,128,8,2048,18.948
32,128,16,0,14.358
32,128,16,64,14.359
32,128,16,128,14.389
32,128,16,256,14.486
32,128,16,512,14.617
32,128,16,1024,15.037
32,128,16,2048,18.545
32,128,32,0,18.446
32,128,32,64,19.677
32,128,32,128,19.706
32,128,32,256,19.763
32,128,32,512,19.802
32,128,32,1024,19.973
32,128,32,2048,21.226
32,128,64,0,9.9
32,128,64,64,27.678
32,128,64,128,29.876
32,128,64,256,29.889
32,128,64,512,29.89
32,128,64,1024,30.022
32,128,64,2048,30.233
32,128,128,0,9.89
32,128,128,64,9.888
32,128,128,128,48.646
32,128,128,256,48.631
32,128,128,512,48.572
32,128,128,1024,48.591
32,128,128,2048,48.883
32,128,256,0,9.974
32,128,256,64,9.969
32,128,256,128,9.985
32,128,256,256,84.873
32,128,256,512,85.972
32,128,256,1024,86.153
32,128,256,2048,86.314
32,256,0,0,10.696
32,256,0,64,10.696
32,256,0,128,10.696
32,256,0,256,10.696
32,256,0,512,10.696
32,256,0,1024,10.696
32,256,0,2048,10.696
32,256,1,0,16.14
32,256,1,64,16.159
32,256,1,128,17.714
32,256,1,256,21.055
32,256,1,512,27.963
32,256,1,1024,41.641
32,256,1,2048,68.408
32,256,2,0,15.956
32,256,2,64,15.975
32,256,2,128,16.461
32,256,2,256,18.532
32,256,2,512,21.764
32,256,2,1024,28.453
32,256,2,2048,42.132
32,256,4,0,16.007
32,256,4,64,16.007
32,256,4,128,16.011
32,256,4,256,16.467
32,256,4,512,18.508
32,256,4,1024,21.784
32,256,4,2048,28.627
32,256,8,0,16.168
32,256,8,64,16.168
32,256,8,128,16.188
32,256,8,256,16.221
32,256,8,512,16.913
32,256,8,1024,18.57
32,256,8,2048,22.388
32,256,16,0,17.798
32,256,16,64,17.799
32,256,16,128,17.829
32,256,16,256,17.926
32,256,16,512,18.057
32,256,16,1024,18.477
32,256,16,2048,21.985
32,256,32,0,21.886
32,256,32,64,23.117
32,256,32,128,23.146
32,256,32,256,23.203
32,256,32,512,23.242
32,256,32,1024,23.413
32,256,32,2048,24.666
32,256,64,0,13.34
32,256,64,64,31.118
32,256,64,128,33.316
32,256,64,256,33.329
32,256,64,512,33.33
32,256,64,1024,33.462
32,256,64,2048,33.673
32,256,128,0,13.33
32,256,128,64,13.328
32,256,128,128,52.086
32,256,128,256,52.071
32,256,128,512,52.012
32,256,128,1024,52.031
32,256,128,2048,52.323
32,256,256,0,13.414
32,256,256,64,13.409
32,256,256,128,13.425
32,256,256,256,88.313
32,256,256,512,89.412
32,256,256,1024,89.593
32,256,256,2048,89.754
32,512,0,0,17.565
32,512,0,64,17.565
32,512,0,128,17.565
32,512,0,256,17.565
32,512,0,512,17.565
32,512,0,1024,17.565
32,512,0,2048,17.565
32,512,1,0,23.009
32,512,1,64,23.028
32,512,1,128,24.583
32,512,1,256,27.924
32,512,1,512,34.832
32,512,1,1024,48.51
32,512,1,2048,75.277
32,512,2,0,22.825
32,512,2,64,22.844
32,512,2,128,23.33
32,512,2,256,25.401
32,512,2,512,28.633
32,512,2,1024,35.322
32,512,2,2048,49.001
32,512,4,0,22.876
32,512,4,64,22.876
32,512,4,128,22.88
32,512,4,256,23.336
32,512,4,512,25.377
32,512,4,1024,28.653
32,512,4,2048,35.496
32,512,8,0,23.037
32,512,8,64,23.037
32,512,8,128,23.057
32,512,8,256,23.09
32,512,8,512,23.782
32,512,8,1024,25.439
32,512,8,2048,29.257
32,512,16,0,24.667
32,512,16,64,24.668
32,512,16,128,24.698
32,512,16,256,24.795
32,512,16,512,24.926
32,512,16,1024,25.346
32,512,16,2048,28.854
32,512,32,0,28.755
32,512,32,64,29.986
32,512,32,128,30.015
32,512,32,256,30.072
32,512,32,512,30.111
32,512,32,1024,30.282
32,512,32,2048,31.535
32,512,64,0,20.209
32,512,64,64,37.987
32,512,64,128,40.185
32,512,64,256,40.198
32,512,64,512,40.199
32,512,64,1024,40.331
32,512,64,2048,40.542
32,512,128,0,20.199
32,512,128,64,20.197
32,512,128,128,58.955
32,512,128,256,58.94
32,512,128,512,58.881
32,512,128,1024,58.9
32,512,128,2048,59.192
32,512,256,0,20.283
32,512,256,64,20.278
32,512,256,128,20.294
32,512,256,256,95.182
32,512,256,512,96.281
32,512,256,1024,96.462
32,512,256,2048,96.623
32,1024,0,0,31.269
32,1024,0,64,31.269
32,1024,0,128,31.269
32,1024,0,256,31.269
32,1024,0,512,31.269
32,1024,0,1024,31.269
32,1024,0,2048,31.269
32,1024,1,0,36.713
32,1024,1,64,36.732
32,1024,1,128,38.287
32,1024,1,256,41.628
32,1024,1,512,48.536
32,1024,1,1024,62.214
32,1024,1,2048,88.981
32,1024,2,0,36.529
32,1024,2,64,36.548
32,1024,2,128,37.034
32,1024,2,256,39.105
32,1024,2,512,42.337
32,1024,2,1024,49.026
32,1024,2,2048,62.705
32,1024,4,0,36.58
32,1024,4,64,36.58
32,1024,4,128,36.584
32,1024,4,256,37.04
32,1024,4,512,39.081
32,1024,4,1024,42.357
32,1024,4,2048,49.2
32,1024,8,0,36.741
32,1024,8,64,36.741
32,1024,8,128,36.761
32,1024,8,256,36.794
32,1024,8,512,37.486
32,1024,8,1024,39.143
32,1024,8,2048,42.961
32,1024,16,0,38.371
32,1024,16,64,38.372
32,1024,16,128,38.402
32,1024,16,256,38.499
32,1024,16,512,38.63
32,1024,16,1024,39.05
32,1024,16,2048,42.558
32,1024,32,0,42.459
32,1024,32,64,43.69
32,1024,32,128,43.719
32,1024,32,256,43.776
32,1024,32,512,43.815
32,1024,32,1024,43.986
32,1024,32,2048,45.239
32,1024,64,0,33.913
32,1024,64,64,51.691
32,1024,64,128,53.889
32,1024,64,256,53.902
32,1024,64,512,53.903
32,1024,64,1024,54.035
32,1024,64,2048,54.246
32,1024,128,0,33.903
32,1024,128,64,33.901
32,1024,128,128,72.659
32,1024,128,256,72.644
32,1024,128,512,72.585
32,1024,128,1024,72.604
32,1024,128,2048,72.896
32,1024,256,0,33.987
32,1024,256,64,33.982
32,1024,256,128,33.998
32,1024,256,256,108.886
32,1024,256,512,109.985
32,1024,256,1024,110.166
32,1024,256,2048,110.327
32,2048,0,0,57.58
32,2048,0,64,57.58
32,2048,0,128,57.58
32,2048,0,256,57.58
32,2048,0,512,57.58
32,2048,0,1024,57.58
32,2048,0,2048,57.58
32,2048,1,0,63.024
32,2048,1,64,63.043
32,2048,1,128,64.598
32,2048,1,256,67.939
32,2048,1,512,74.847
32,2048,1,1024,88.525
32,2048,1,2048,115.292
32,2048,2,0,62.84
32,2048,2,64,62.859
32,2048,2,128,63.345
32,2048,2,256,65.416
32,2048,2,512,68.648
32,2048,2,1024,75.337
32,2048,2,2048,89.016
32,2048,4,0,62.891
32,2048,4,64,62.891
32,2048,4,128,62.895
32,2048,4,256,63.351
32,2048,4,512,65.392
32,2048,4,1024,68.668
32,2048,4,2048,75.511
32,2048,8,0,63.052
32,2048,8,64,63.052
32,2048,8,128,63.072
32,2048,8,256,63.105
32,2048,8,512,63.797
32,2048,8,1024,65.454
32,2048,8,2048,69.272
32,2048,16,0,64.682
32,2048,16,64,64.683
32,2048,16,128,64.713
32,2048,16,256,64.81
32,2048,16,512,64.941
32,2048,16,1024,65.361
32,2048,16,2048,68.869
32,2048,32,0,68.77
32,2048,32,64,70.001
32,2048,32,128,70.03
32,2048,32,256,70.087
32,2048,32,512,70.126
32,2048,32,1024,70.297
32,2048,32,2048,71.55
32,2048,64,0,60.224
32,2048,64,64,78.002
32,2048,64,128,80.2
32,2048,64,256,80.213
32,2048,64,512,80.214
32,2048,64,1024,80.346
32,2048,64,2048,80.557
32,2048,128,0,60.214
32,2048,128,64,60.212
32,2048,128,128,98.97
32,2048,128,256,98.955
32,2048,128,512,98.896
32,2048,128,1024,98.915
32,2048,128,2048,99.207
32,2048,256,0,60.298
32,2048,256,64,60.293
32,2048,256,128,60.309
32,2048,256,256,135.197
32,2048,256,512,136.296
32,2048,256,1024,136.477
32,2048,256,2048,136.638
64,0,0,0,5.43
64,0,0,64,5.43
64,0,0,128,5.43
64,0,0,256,5.43
64,0,0,512,5.43
64,0,0,1024,5.43
64,0,0,2048,5.43
64,0,1,0,10.874
64,0,1,64,10.893
64,0,1,128,12.448
64,0,1,256,15.789
64,0,1,512,22.697
64,0,1,1024,36.375
64,0,1,2048,63.142
64,0,2,0,10.69
64,0,2,64,10.709
64,0,2,128,11.195
64,0,2,256,13.266
64,0,2,512,16.498
64,0,2,1024,23.187
64,0,2,2048,36.866
64,0,4,0,10.741
64,0,4,64,10.741
64,0,4,128,10.745
64,0,4,256,11.201
64,0,4,512,13.242
64,0,4,1024,16.518
64,0,4,2048,23.361
64,0,8,0,10.902
64,0,8,64,10.902
64,0,8,128,10.922
64,0,8,256,10.955
64,0,8,512,11.647
64,0,8,1024,13.304
64,0,8,2048,17.122
64,0,16,0,12.532
64,0,16,64,12.533
64,0,16,128,12.563
64,0,16,256,12.66
64,0,16,512,12.791
64,0,16,1024,13.211
64,0,16,2048,16.719
64,0,32,0,16.62
64,0,32,64,17.851
64,0,32,128,17.88
64,0,32,256,17.937
64,0,32,512,17.976
64,0,32,1024,18.147
64,0,32,2048,19.4
64,0,64,0,8.074
64,0,64,64,25.852
64,0,64,128,28.05
64,0,64,256,28.063
64,0,64,512,28.064
64,0,64,1024,28.196
64,0,64,2048,28.407
64,0,128,0,8.064
64,0,128,64,8.062
64,0,128,128,46.82
64,0,128,256,46.805
64,0,128,512,46.746
64,0,128,1024,46.765
64,0,128,2048,47.057
64,0,256,0,8.148
64,0,256,64,8.143
64,0,256,128,8.159
64,0,256,256,83.047
64,0,256,512,84.146
64,0,256,1024,84.327
64,0,256,2048,84.488
64,64,0,0,5.433
64,64,0,64,5.433
64,64,0,128,5.433
64,64,0,256,5.433
64,64,0,512,5.433
64,64,0,1024,5.433
64,64,0,2048,5.433
64,64,1,0,10.877
64,64,1,64,10.896
64,64,1,128,12.451
64,64,1,256,15.792
64,64,1,512,22.7
64,64,1,1024,36.378
64,64,1,2048,63.145
64,64,2,0,10.693
64,64,2,64,10.712
64,64,2,128,11.198
64,64,2,256,13.269
64,64,2,512,16.501
64,64,2,1024,23.19
64,64,2,2048,36.869
64,64,4,0,10.744
64,64,4,64,10.744
64,64,4,128,10.748
64,64,4,256,11.204
64,64,4,512,13.245
64,64,4,1024,16.521
64,64,4,2048,23.364
64,64,8,0,10.905
64,64,8,64,10.905
64,64,8,128,10.925
64,64,8,256,10.958
64,64,8,512,11.65
64,64,8,1024,13.307
64,64,8,2048,17.125
64,64,16,0,12.535
64,64,16,64,12.536
64,64,16,128,12.566
64,64,16,256,12.663
64,64,16,512,12.794
64,64,16,1024,13.214
64,64,16,2048,16.722
64,64,32,0,16.623
64,64,32,64,17.854
64,64,32,128,17.883
64,64,32,256,17.94
64,64,32,512,17.979
64,64,32,1024,18.15
64,64,32,2048,19.403
64,64,64,0,8.077
64,64,64,64,25.855
64,64,64,128,28.053
64,64,64,256,28.066
64,64,64,512,28.067
64,64,64,1024,28.199
64,64,64,2048,28.41
64,64,128,0,8.067
64,64,128,64,8.065
64,64,128,128,46.823
64,64,128,256,46.808
64,64,128,512,46.749
64,64,128,1024,46.768
64,64,128,2048,47.06
64,64,256,0,8.151
64,64,256,64,8.146
64,64,256,128,8.162
64,64,256,256,83.05
64,64,256,512,84.149
64,64,256,1024,84.33
64,64,256,2048,84.491
64,128,0,0,7.267
64,128,0,64,7.267
64,128,0,128,7.267
64,128,0,256,7.267
64,128,0,512,7.267
64,128,0,1024,7.267
64,128,0,2048,7.267
64,128,1,0,12.711
64,128,1,64,12.73
64,128,1,128,14.285
64,128,1,256,17.626
64,128,1,512,24.534
64,128,1,1024,38.212
64,128,1,2048,64.979
64,128,2,0,12.527
64,128,2,64,12.546
64,128,2,128,13.032
64,128,2,256,15.103
64,128,2,512,18.335
64,128,2,1024,25.024
64,128,2,2048,38.703
64,128,4,0,12.578
64,128,4,64,12.578
64,128,4,128,12.582
64,128,4,256,13.038
64,128,4,512,15.079
64,128,4,1024,18.355
64,128,4,2048,25.198
64,128,8,0,12.739
64,128,8,64,12.739
64,128,8,128,12.759
64,128,8,256,12.792
64,128,8,512,13.484
64,128,8,1024,15.141
64,128,8,2048,18.959
64,128,16,0,14.369
64,128,16,64,14.37
64,128,16,128,14.4
64,128,16,256,14.497
64,128,16,512,14.628
64,128,16,1024,15.048
64,128,16,2048,18.556
64,128,32,0,18.457
64,128,32,64,19.688
64,128,32,128,19.717
64,128,32,256,19.774
64,128,32,512,19.813
64,128,32,1024,19.984
64,128,32,2048,21.237
64,128,64,0,9.911
64,128,64,64,27.689
64,128,64,128,29.887
64,128,64,256,29.9
64,128,64,512,29.901
64,128,64,1024,30.033
64,128,64,2048,30.244
64,128,128,0,9.901
64,128,128,64,9.899
64,128,128,128,48.657
64,128,128,256,48.642
64,128,128,512,48.583
64,128,128,1024,48.602
64,128,128,2048,48.894
64,128,256,0,9.985
64,128,256,64,9.98
64,128,256,128,9.996
64,128,256,256,84.884
64,128,256,512,85.983
64,128,256,1024,86.164
64,128,256,2048,86.325
64,256,0,0,10.684
64,256,0,64,10.684
64,256,0,128,10.684
64,256,0,256,10.684
64,256,0,512,10.684
64,256,0,1024,10.684
64,256,0,2048,10.684
64,256,1,0,16.128
64,256,1,64,16.147
64,256,1,128,17.702
64,256,1,256,21.043
64,256,1,512,27.951
64,256,1,1024,41.629
64,256,1,2048,68.396
64,256,2,0,15.944
64,256,2,64,15.963
64,256,2,128,16.449
64,256,2,256,18.52
64,256,2,512,21.752
64,256,2,1024,28.441
64,256,2,2048,42.12
64,256,4,0,15.995
64,256,4,64,15.995
64,256,4,128,15.999
64,256,4,256,16.455
64,256,4,512,18.496
64,256,4,1024,21.772
64,256,4,2048,28.615
64,256,8,0,16.156
64,256,8,64,16.156
64,256,8,128,16.176
64,256,8,256,16.209
64,256,8,512,16.901
64,256,8,1024,18.558
64,256,8,2048,22.376
64,256,16,0,17.786
64,256,16,64,17.787
64,256,16,128,17.817
64,256,16,256,17.914
64,256,16,512,18.045
64,256,16,1024,18.465
64,256,16,2048,21.973
64,256,32,0,21.874
64,256,32,64,23.105
64,256,32,128,23.134
64,256,32,256,23.191
64,256,32,512,23.23
64,256,32,1024,23.401
64,256,32,2048,24.654
64,256,64,0,13.328
64,256,64,64,31.106
64,256,64,128,33.304
64,256,64,256,33.317
64,256,64,512,33.318
64,256,64,1024,33.45
64,256,64,2048,33.661
64,256,128,0,13.318
64,256,128,64,13.316
64,256,128,128,52.074
64,256,128,256,52.059
64,256,128,512,52.0
64,256,128,1024,52.019
64,256,128,2048,52.311
64,256,256,0,13.402
64,256,256,64,13.397
64,256,256,128,13.413
64,256,256,256,88.301
64,256,256,512,89.4
64,256,256,1024,89.581
64,256,256,2048,89.742
64,512,0,0,17.527
64,512,0,64,17.527
64,512,0,128,17.527
64,512,0,256,17.527
64,512,0,512,17.527
64,512,0,1024,17.527
64,512,0,2048,17.527
64,512,1,0,22.971
64,512,1,64,22.99
64,512,1,128,24.545
64,512,1,256,27.886
64,512,1,512,34.794
64,512,1,1024,48.472
64,512,1,2048,75.239
64,512,2,0,22.787
64,512,2,64,22.806
64,512,2,128,23.292
64,512,2,256,25.363
64,512,2,512,28.595
64,512,2,1024,35.284
64,512,2,2048,48.963
64,512,4,0,22.838
64,512,4,64,22.838
64,512,4,128,22.842
64,512,4,256,23.298
64,512,4,512,25.339
64,512,4,1024,28.615
64,512,4,2048,35.458
64,512,8,0,22.999
64,512,8,64,22.999
64,512,8,128,23.019
64,512,8,256,23.052
64,512,8,512,23.744
64,512,8,1024,25.401
64,512,8,2048,29.219
64,512,16,0,24.629
64,512,16,64,24.63
64,512,16,128,24.66
64,512,16,256,24.757
64,512,16,512,24.888
64,512,16,1024,25.308
64,512,16,2048,28.816
64,512,32,0,28.717
64,512,32,64,29.948
64,512,32,128,29.977
64,512,32,256,30.034
64,512,32,512,30.073
64,512,32,1024,30.244
64,512,32,2048,31.497
64,512,64,0,20.171
64,512,64,64,37.949
64,512,64,128,40.147
64,512,64,256,40.16
64,512,64,512,40.161
64,512,64,1024,40.293
64,512,64,2048,40.504
64,512,128,0,20.161
64,512,128,64,20.159
64,512,128,128,58.917
64,512,128,256,58.902
64,512,128,512,58.843
64,512,128,1024,58.862
64,512,128,2048,59.154
64,512,256,0,20.245
64,512,256,64,20.24
64,512,256,128,20.256
64,512,256,256,95.144
64,512,256,512,96.243
64,512,256,1024,96.424
64,512,256,2048,96.585
64,1024,0,0,31.184
64,1024,0,64,31.184
64,1024,0,128,31.184
64,1024,0,256,31.184
64,1024,0,512,31.184
64,1024,0,1024,31.184
64,1024,0,2048,31.184
64,1024,1,0,36.628
64,1024,1,64,36.647
64,1024,1,128,38.202
64,1024,1,256,41.543
64,1024,1,512,48.451
64,1024,1,1024,62.129
64,1024,1,2048,88.896
64,1024,2,0,36.444
64,1024,2,64,36.463
64,1024,2,128,36.949
64,1024,2,256,39.02
64,1024,2,512,42.252
64,1024,2,1024,48.941
64,1024,2,2048,62.62
64,1024,4,0,36.495
64,1024,4,64,36.495
64,1024,4,128,36.499
64,1024,4,256,36.955
64,1024,4,512,38.996
64,1024,4,1024,42.272
64,1024,4,2048,49.115
64,1024,8,0,36.656
64,1024,8,64,36.656
64,1024,8,128,36.676
64,1024,8,256,36.709
64,1024,8,512,37.401
64,1024,8,1024,39.058
64,1024,8,2048,42.876
64,1024,16,0,38.286
64,1024,16,64,38.287
64,1024,16,128,38.317
64,1024,16,256,38.414
64,1024,16,512,38.545
64,1024,16,1024,38.965
64,1024,16,2048,42.473
64,1024,32,0,42.374
64,1024,32,64,43.605
64,1024,32,128,43.634
64,1024,32,256,43.691
64,1024,32,512,43.73
64,1024,32,1024,43.901
64,1024,32,2048,45.154
64,1024,64,0,33.828
64,1024,64,64,51.606
64,1024,64,128,53.804
64,1024,64,256,53.817
64,1024,64,512,53.818
64,1024,64,1024,53.95
64,1024,64,2048,54.161
64,1024,128,0,33.818
64,1024,128,64,33.816
64,1024,128,128,72.574
64,1024,128,256,72.559
64,1024,128,512,72.5
64,1024,128,1024,72.519
64,1024,128,2048,72.811
64,1024,256,0,33.902
64,1024,256,64,33.897
64,1024,256,128,33.913
64,1024,256,256,108.801
64,1024,256,512,109.9
64,1024,256,1024,110.081
64,1024,256,2048,110.242
64,2048,0,0,57.528
64,2048,0,64,57.528
64,2048,0,128,57.528
64,2048,0,256,57.528
64,2048,0,512,57.528
64,2048,0,1024,57.528
64,2048,0,2048,57.528
64,2048,1,0,62.972
64,2048,1,64,62.991
64,2048,1,128,64.546
64,2048,1,256,67.887
64,2048,1,512,74.795
64,2048,1,1024,88.473
64,2048,1,2048,115.24
64,2048,2,0,62.788
64,2048,2,64,62.807
64,2048,2,128,63.293
64,2048,2,256,65.364
64,2048,2,512,68.596
64,2048,2,1024,75.285
64,2048,2,2048,88.964
64,2048,4,0,62.839
64,2048,4,64,62.839
64,2048,4,128,62.843
64,2048,4,256,63.299
64,2048,4,512,65.34
64,2048,4,1024,68.616
64,2048,4,2048,75.459
64,2048,8,0,63.0
64,2048,8,64,63.0
64,2048,8,128,63.02
64,2048,8,256,63.053
64,2048,8,512,63.745
64,2048,8,1024,65.402
64,2048,8,2048,69.22
64,2048,16,0,64.63
64,2048,16,64,64.631
64,2048,16,128,64.661
64,2048,16,256,64.758
64,2048,16,512,64.889
64,2048,16,1024,65.309
64,2048,16,2048,68.817
64,2048,32,0,68.718
64,2048,32,64,69.949
64,2048,32,128,69.978
64,2048,32,256,70.035
64,2048,32,512,70.074
64,2048,32,1024,70.245
64,2048,32,2048,71.498
64,2048,64,0,60.172
64,2048,64,64,77.95
64,2048,64,128,80.148
64,2048,64,256,80.161
64,2048,64,512,80.162
64,2048,64,1024,80.294
64,2048,64,2048,80.505
64,2048,128,0,60.162
64,2048,128,64,60.16
64,2048,128,128,98.918
64,2048,128,256,98.903
64,2048,128,512,98.844
64,2048,128,1024,98.863
64,2048,128,2048,99.155
64,2048,256,0,60.246
64,2048,256,64,60.241
64,2048,256,128,60.257
64,2048,256,256,135.145
64,2048,256,512,136.244
64,2048,256,1024,136.425
64,2048,256,2048,136.586
128,0,0,0,5.487
128,0,0,64,5.487
128,0,0,128,5.487
128,0,0,256,5.487
128,0,0,512,5.487
128,0,0,1024,5.487
128,0,0,2048,5.487
128,0,1,0,10.931
128,0,1,64,10.95
128,0,1,128,12.505
128,0,1,256,15.846
128,0,1,512,22.754
128,0,1,1024,36.432
128,0,1,2048,63.199
128,0,2,0,10.747
128,0,2,64,10.766
128,0,2,128,11.252
128,0,2,256,13.323
128,0,2,512,16.555
128,0,2,1024,23.244
128,0,2,2048,36.923
128,0,4,0,10.798
128,0,4,64,10.798
128,0,4,128,10.802
128,0,4,256,11.258
128,0,4,512,13.299
128,0,4,1024,16.575
128,0,4,2048,23.418
128,0,8,0,10.959
128,0,8,64,10.959
128,0,8,128,10.979
128,0,8,256,11.012
128,0,8,512,11.704
128,0,8,1024,13.361
128,0,8,2048,17.179
128,0,16,0,12.589
128,0,16,64,12.59
128,0,16,128,12.62
128,0,16,256,12.717
128,0,16,512,12.848
128,0,16,1024,13.268
128,0,16,2048,16.776
128,0,32,0,16.677
128,0,32,64,17.908
128,0,32,128,17.937
128,0,32,256,17.994
128,0,32,512,18.033
128,0,32,1024,18.204
128,0,32,2048,19.457
128,0,64,0,8.131
128,0,64,64,25.909
128,0,64,128,28.107
128,0,64,256,28.12
128,0,64,512,28.121
128,0,64,1024,28.253
128,0,64,2048,28.464
128,0,128,0,8.121
128,0,128,64,8.119
128,0,128,128,46.877
128,0,128,256,46.862
128,0,128,512,46.803
128,0,128,1024,46.822
128,0,128,2048,47.114
128,0,256,0,8.205
128,0,256,64,8.2
128,0,256,128,8.216
128,0,256,256,83.104
128,0,256,512,84.203
128,0,256,1024,84.384
128,0,256,2048,84.545
128,64,0,0,5.49
128,64,0,64,5.49
128,64,0,128,5.49
128,64,0,256,5.49
128,64,0,512,5.49
128,64,0,1024,5.49
128,64,0,2048,5.49
128,64,1,0,10.934
128,64,1,64,10.953
128,64,1,128,12.508
128,64,1,256,15.849
128,64,1,512,22.757
128,64,1,1024,36.435
128,64,1,2048,63.202
128,64,2,0,10.75
128,64,2,64,10.769
128,64,2,128,11.255
128,64,2,256,13.326
128,64,2,512,16.558
128,64,2,1024,23.247
128,64,2,2048,36.926
128,64,4,0,10.801
128,64,4,64,10.801
128,64,4,128,10.805
128,64,4,256,11.261
128,64,4,512,13.302
128,64,4,1024,16.578
128,64,4,2048,23.421
128,64,8,0,10.962
128,64,8,64,10.962
128,64,8,128,10.982
128,64,8,256,11.015
128,64,8,512,11.707
128,64,8,1024,13.364
128,64,8,2048,17.182
128,64,16,0,12.592
128,64,16,64,12.593
128,64,16,128,12.623
128,64,16,256,12.72
128,64,16,512,12.851
128,64,16,1024,13.271
128,64,16,2048,16.779
128,64,32,0,16.68
128,64,32,64,17.911
128,64,32,128,17.94
128,64,32,256,17.997
128,64,32,512,18.036
128,64,32,1024,18.207
128,64,32,2048,19.46
128,64,64,0,8.134
128,64,64,64,25.912
128,64,64,128,28.11
128,64,64,256,28.123
128,64,64,512,28.124
128,64,64,1024,28.256
128,64,64,2048,28.467
128,64,128,0,8.124
128,64,128,64,8.122
128,64,128,128,46.88
128,64,128,256,46.865
128,64,128,512,46.806
128,64,128,1024,46.825
128,64,128,2048,47.117
128,64,256,0,8.208
128,64,256,64,8.203
128,64,256,128,8.219
128,64,256,256,83.107
128,64,256,512,84.206
128,64,256,1024,84.387
128,64,256,2048,84.548
128,128,0,0,7.587
128,128,0,64,7.587
128,128,0,128,7.587
128,128,0,256,7.587
128,128,0,512,7.587
128,128,0,1024,7.587
128,128,0,2048,7.587
128,128,1,0,13.031
128,128,1,64,13.05
128,128,1,128,14.605
128,128,1,256,17.946
128,128,1,512,24.854
128,128,1,1024,38.532
128,128,1,2048,65.299
128,128,2,0,12.847
128,128,2,64,12.866
128,128,2,128,13.352
128,128,2,256,15.423
128,128,2,512,18.655
128,128,2,1024,25.344
128,128,2,2048,39.023
128,128,4,0,12.898
128,128,4,64,12.898
128,128,4,128,12.902
128,128,4,256,13.358
128,128,4,512,15.399
128,128,4,1024,18.675
128,128,4,2048,25.518
128,128,8,0,13.059
128,128,8,64,13.059
128,128,8,128,13.079
128,128,8,256,13.112
128,128,8,512,13.804
128,128,8,1024,15.461
128,128,8,2048,19.279
128,128,16,0,14.689
128,128,16,64,14.69
128,128,16,128,14.72
128,128,16,256,14.817
128,128,16,512,14.948
128,128,16,1024,15.368
128,128,16,2048,18.876
128,128,32,0,18.777
128,128,32,64,20.008
128,128,32,128,20.037
128,128,32,256,20.094
128,128,32,512,20.133
128,128,32,1024,20.304
128,128,32,2048,21.557
128,128,64,0,10.231
128,128,64,64,28.009
128,128,64,128,30.207
128,128,64,256,30.22
128,128,64,512,30.221
128,128,64,1024,30.353
128,128,64,2048,30.564
128,128,128,0,10.221
128,128,128,64,10.219
128,128,128,128,48.977
128,128,128,256,48.962
128,128,128,512,48.903
128,128,128,1024,48.922
128,128,128,2048,49.214
128,128,256,0,10.305
128,128,256,64,10.3
128,128,256,128,10.316
128,128,256,256,85.204
128,128,256,512,86.303
128,128,256,1024,86.484
128,128,256,2048,86.645
128,256,0,0,10.964
128,256,0,64,10.964
128,256,0,128,10.964
128,256,0,256,10.964
128,256,0,512,10.964
128,256,0,1024,10.964
128,256,0,2048,10.964
128,256,1,0,16.408
128,256,1,64,16.427
128,256,1,128,17.982
128,256,1,256,21.323
128,256,1,512,28.231
128,256,1,1024,41.909
128,256,1,2048,68.676
128,256,2,0,16.224
128,256,2,64,16.243
128,256,2,128,16.729
128,256,2,256,18.8
128,256,2,512,22.032
128,256,2,1024,28.721
128,256,2,2048,42.4
128,256,4,0,16.275
128,256,4,64,16.275
128,256,4,128,16.279
128,256,4,256,16.735
128,256,4,512,18.776
128,256,4,1024,22.052
128,256,4,2048,28.895
128,256,8,0,16.436
128,256,8,64,16.436
128,256,8,128,16.456
128,256,8,256,16.489
128,256,8,512,17.181
128,256,8,1024,18.838
128,256,8,2048,22.656
128,256,16,0,18.066
128,256,16,64,18.067
128,256,16,128,18.097
128,256,16,256,18.194
128,256,16,512,18.325
128,256,16,1024,18.745
128,256,16,2048,22.253
128,256,32,0,22.154
128,256,32,64,23.385
128,256,32,128,23.414
128,256,32,256,23.471
128,256,32,512,23.51
128,256,32,1024,23.681
128,256,32,2048,24.934
128,256,64,0,13.608
128,256,64,64,31.386
128,256,64,128,33.584
128,256,64,256,33.597
128,256,64,512,33.598
128,256,64,1024,33.73
128,256,64,2048,33.941
128,256,128,0,13.598
128,256,128,64,13.596
128,256,128,128,52.354
128,256,128,256,52.339
128,256,128,512,52.28
128,256,128,1024,52.299
128,256,128,2048,52.591
128,256,256,0,13.682
128,256,256,64,13.677
128,256,256,128,13.693
128,256,256,256,88.581
128,256,256,512,89.68
128,256,256,1024,89.861
128,256,256,2048,90.022
128,512,0,0,17.791
128,512,0,64,17.791
128,512,0,128,17.791
128,512,0,256,17.791
128,512,0,512,17.791
128,512,0,1024,17.791
128,512,0,2048,17.791
128,512,1,0,23.235
128,512,1,64,23.254
128,512,1,128,24.809
128,512,1,256,28.15
128,512,1,512,35.058
128,512,1,1024,48.736
128,512,1,2048,75.503
128,512,2,0,23.051
128,512,2,64,23.07
128,512,2,128,23.556
128,512,2,256,25.627
128,512,2,512,28.859
128,512,2,1024,35.548
128,512,2,2048,49.227
128,512,4,0,23.102
128,512,4,64,23.102
128,512,4,128,23.106
128,512,4,256,23.562
128,512,4,512,25.603
128,512,4,1024,28.879
128,512,4,2048,35.722
128,512,8,0,23.263
128,512,8,64,23.263
128,512,8,128,23.283
128,512,8,256,23.316
128,512,8,512,24.008
128,512,8,1024,25.665
128,512,8,2048,29.483
128,512,16,0,24.893
128,512,16,64,24.894
128,512,16,128,24.924
128,512,16,256,25.021
128,512,16,512,25.152
128,512,16,1024,25.572
128,512,16,2048,29.08
128,512,32,0,28.981
128,512,32,64,30.212
128,512,32,128,30.241
128,512,32,256,30.298
128,512,32,512,30.337
128,512,32,1024,30.508
128,512,32,2048,31.761
128,512,64,0,20.435
128,512,64,64,38.213
128,512,64,128,40.411
128,512,64,256,40.424
128,512,64,512,40.425
128,512,64,1024,40.557
128,512,64,2048,40.768
128,512,128,0,20.425
128,512,128,64,20.423
128,512,128,128,59.181
128,512,128,256,59.166
128,512,128,512,59.107
128,512,128,1024,59.126
128,512,128,2048,59.418
128,512,256,0,20.509
128,512,256,64,20.504
128,512,256,128,20.52
128,512,256,256,95.408
128,512,256,512,96.507
128,512,256,1024,96.688
128,512,256,2048,96.849
128,1024,0,0,31.379
128,1024,0,64,31.379
128,1024,0,128,31.379
128,1024,0,256,31.379
128,1024,0,512,31.379
128,1024,0,1024,31.379
128,1024,0,2048,31.379
128,1024,1,0,36.823
128,1024,1,64,36.842
128,1024,1,128,38.397
128,1024,1,256,41.738
128,1024,1,512,48.646
128,1024,1,1024,62.324
128,1024,1,2048,89.091
128,1024,2,0,36.639
128,1024,2,64,36.658
128,1024,2,128,37.144
128,1024,2,256,39.215
128,1024,2,512,42.447
128,1024,2,1024,49.136
128,1024,2,2048,62.815
128,1024,4,0,36.69
128,1024,4,64,36.69
128,1024,4,128,36.694
128,1024,4,256,37.15
128,1024,4,512,39.191
128,1024,4,1024,42.467
128,1024,4,2048,49.31
128,1024,8,0,36.851
128,1024,8,64,36.851
128,1024,8,128,36.871
128,1024,8,256,36.904
128,1024,8,512,37.596
128,1024,8,1024,39.253
128,1024,8,2048,43.071
128,1024,16,0,38.481
128,1024,16,64,38.482
128,1024,16,128,38.512
128,1024,16,256,38.609
128,1024,16,512,38.74
128,1024,16,1024,39.16
128,1024,16,2048,42.668
128,1024,32,0,42.569
128,1024,32,64,43.8
128,1024,32,128,43.829
128,1024,32,256,43.886
128,1024,32,512,43.925
128,1024,32,1024,44.096
128,1024,32,2048,45.349
128,1024,64,0,34.023
128,1024,64,64,51.801
128,1024,64,128,53.999
128,1024,64,256,54.012
128,1024,64,512,54.013
128,1024,64,1024,54.145
128,1024,64,2048,54.356
128,1024,128,0,34.013
128,1024,128,64,34.011
128,1024,128,128,72.769
128,1024,128,256,72.754
128,1024,128,512,72.695
128,1024,128,1024,72.714
128,1024,128,2048,73.006
128,1024,256,0,34.097
128,1024,256,64,34.092
128,1024,256,128,34.108
128,1024,256,256,108.996
128,1024,256,512,110.095
128,1024,256,1024,110.276
128,1024,256,2048,110.437
128,2048,0,0,57.502
128,2048,0,64,57.502
128,2048,0,128,57.502
128,2048,0,256,57.502
128,2048,0,512,57.502
128,2048,0,1024,57.502
128,2048,0,2048,57.502
128,2048,1,0,62.946
128,2048,1,64,62.965
128,2048,1,128,64.52
128,2048,1,256,67.861
128,2048,1,512,74.769
128,2048,1,1024,88.447
128,2048,1,2048,115.214
128,2048,2,0,62.762
128,2048,2,64,62.781
128,2048,2,128,63.267
128,2048,2,256,65.338
128,2048,2,512,68.57
128,2048,2,1024,75.259
128,2048,2,2048,88.938
128,2048,4,0,62.813
128,2048,4,64,62.813
128,2048,4,128,62.817
128,2048,4,256,63.273
128,2048,4,512,65.314
128,2048,4,1024,68.59
128,2048,4,2048,75.433
128,2048,8,0,62.974
128,2048,8,64,62.974
128,2048,8,128,62.994
128,2048,8,256,63.027
128,2048,8,512,63.719
128,2048,8,1024,65.376
128,2048,8,2048,69.194
128,2048,16,0,64.604
128,2048,16,64,64.605
128,2048,16,128,64.635
128,2048,16,256,64.732
128,2048,16,512,64.863
128,2048,16,1024,65.283
128,2048,16,2048,68.791
128,2048,32,0,68.692
128,2048,32,64,69.923
128,2048,32,128,69.952
128,2048,32,256,70.009
128,2048,32,512,70.048
128,2048,32,1024,70.219
128,2048,32,2048,71.472
128,2048,64,0,60.146
128,2048,64,64,77.924
128,2048,64,128,80.122
128,2048,64,256,80.135
128,2048,64,512,80.136
128,2048,64,1024,80.268
128,2048,64,2048,80.479
128,2048,128,0,60.136
128,2048,128,64,60.134
128,2048,128,128,98.892
128,2048,128,256,98.877
128,2048,128,512,98.818
128,2048,128,1024,98.837
128,2048,128,2048,99.129
128,2048,256,0,60.22
128,2048,256,64,60.215
128,2048,256,128,60.231
128,2048,256,256,135.119
128,2048,256,512,136.218
128,2048,256,1024,136.399
128,2048,256,2048,136.56
256,0,0,0,5.494
256,0,0,64,5.494
256,0,0,128,5.494
256,0,0,256,5.494
256,0,0,512,5.494
256,0,0,1024,5.494
256,0,0,2048,5.494
256,0,1,0,10.938
256,0,1,64,10.957
256,0,1,128,12.512
256,0,1,256,15.853
256,0,1,512,22.761
256,0,1,1024,36.439
256,0,1,2048,63.206
256,0,2,0,10.754
256,0,2,64,10.773
256,0,2,128,11.259
256,0,2,256,13.33
256,0,2,512,16.562
256,0,2,1024,23.251
256,0,2,2048,36.93
256,0,4,0,10.805
256,0,4,64,10.805
256,0,4,128,10.809
256,0,4,256,11.265
256,0,4,512,13.306
256,0,4,1024,16.582
256,0,4,2048,23.425
256,0,8,0,10.966
256,0,8,64,10.966
256,0,8,128,10.986
256,0,8,256,11.019
256,0,8,512,11.711
256,0,8,1024,13.368
256,0,8,2048,17.186
256,0,16,0,12.596
256,0,16,64,12.597
256,0,16,128,12.627
256,0,16,256,12.724
256,0,16,512,12.855
256,0,16,1024,13.275
256,0,16,2048,16.783
256,0,32,0,16.684
256,0,32,64,17.915
256,0,32,128,17.944
256,0,32,256,18.001
256,0,32,512,18.04
256,0,32,1024,18.211
256,0,32,2048,19.464
256,0,64,0,8.138
256,0,64,64,25.916
256,0,64,128,28.114
256,0,64,256,28.127
256,0,64,512,28.128
256,0,64,1024,28.26
256,0,64,2048,28.471
256,0,128,0,8.128
256,0,128,64,8.126
256,0,128,128,46.884
256,0,128,256,46.869
256,0,128,512,46.81
256,0,128,1024,46.829
256,0,128,2048,47.121
256,0,256,0,8.212
256,0,256,64,8.207
256,0,256,128,8.223
256,0,256,256,83.111
256,0,256,512,84.21
256,0,256,1024,84.391
256,0,256,2048,84.552
256,64,0,0,5.497
256,64,0,64,5.497
256,64,0,128,5.497
256,64,0,256,5.497
256,64,0,512,5.497
256,64,0,1024,5.497
256,64,0,2048,5.497
256,64,1,0,10.941
256,64,1,64,10.96
256,64,1,128,12.515
256,64,1,256,15.856
256,64,1,512,22.764
256,64,1,1024,36.442
256,64,1,2048,63.209
256,64,2,0,10.757
256,64,2,64,10.776
256,64,2,128,11.262
256,64,2,256,13.333
256,64,2,512,16.565
256,64,2,1024,23.254
256,64,2,2048,36.933
256,64,4,0,10.808
256,64,4,64,10.808
256,64,4,128,10.812
256,64,4,256,11.268
256,64,4,512,13.309
256,64,4,1024,16.585
256,64,4,2048,23.428
256,64,8,0,10.969
256,64,8,64,10.969
256,64,8,128,10.989
256,64,8,256,11.022
256,64,8,512,11.714
256,64,8,1024,13.371
256,64,8,2048,17.189
256,64,16,0,12.599
256,64,16,64,12.6
256,64,16,128,12.63
256,64,16,256,12.727
256,64,16,512,12.858
256,64,16,1024,13.278
256,64,16,2048,16.786
256,64,32,0,16.687
256,64,32,64,17.918
256,64,32,128,17.947
256,64,32,256,18.004
256,64,32,512,18.043
256,64,32,1024,18.214
256,64,32,2048,19.467
256,64,64,0,8.141
256,64,64,64,25.919
256,64,64,128,28.117
256,64,64,256,28.13
256,64,64,512,28.131
256,64,64,1024,28.263
256,64,64,2048,28.474
256,64,128,0,8.131
256,64,128,64,8.129
256,64,128,128,46.887
256,64,128,256,46.872
256,64,128,512,46.813
256,64,128,1024,46.832
256,64,128,2048,47.124
256,64,256,0,8.215
256,64,256,64,8.21
256,64,256,128,8.226
256,64,256,256,83.114
256,64,256,512,84.213
256,64,256,1024,84.394
256,64,256,2048,84.555
256,128,0,0,7.6
256,128,0,64,7.6
256,128,0,128,7.6
256,128,0,256,7.6
256,128,0,512,7.6
256,128,0,1024,7.6
256,128,0,2048,7.6
256,128,1,0,13.044
256,128,1,64,13.063
256,128,1,128,14.618
256,128,1,256,17.959
256,128,1,512,24.867
256,128,1,1024,38.545
256,128,1,2048,65.312
256,128,2,0,12.86
256,128,2,64,12.879
256,128,2,128,13.365
256,128,2,256,15.436
256,128,2,512,18.668
256,128,2,1024,25.357
256,128,2,2048,39.036
256,128,4,0,12.911
256,128,4,64,12.911
256,128,4,128,12.915
256,128,4,256,13.371
256,128,4,512,15.412
256,128,4,1024,18.688
256,128,4,2048,25.531
256,128,8,0,13.072
256,128,8,64,13.072
256,128,8,128,13.092
256,128,8,256,13.125
256,128,8,512,13.817
256,128,8,1024,15.474
256,128,8,2048,19.292
256,128,16,0,14.702
256,128,16,64,14.703
256,128,16,128,14.733
256,128,16,256,14.83
256,128,16,512,14.961
256,128,16,1024,15.381
256,128,16,2048,18.889
256,128,32,0,18.79
256,128,32,64,20.021
256,128,32,128,20.05
256,128,32,256,20.107
256,128,32,512,20.146
256,128,32,1024,20.317
256,128,32,2048,21.57
256,128,64,0,10.244
256,128,64,64,28.022
256,128,64,128,30.22
256,128,64,256,30.233
256,128,64,512,30.234
256,128,64,1024,30.366
256,128,64,2048,30.577
256,128,128,0,10.234
256,128,128,64,10.232
256,128,128,128,48.99
256,128,128,256,48.975
256,128,128,512,48.916
256,128,128,1024,48.935
256,128,128,2048,49.227
256,128,256,0,10.318
256,128,256,64,10.313
256,128,256,128,10.329
256,128,256,256,85.217
256,128,256,512,86.316
256,128,256,1024,86.497
256,128,256,2048,86.658
256,256,0,0,11.217
256,256,0,64,11.217
256,256,0,128,11.217
256,256,0,256,11.217
256,256,0,512,11.217
256,256,0,1024,11.217
256,256,0,2048,11.217
256,256,1,0,16.661
256,256,1,64,16.68
256,256,1,128,18.235
256,256,1,256,21.576
256,256,1,512,28.484
256,256,1,1024,42.162
256,256,1,2048,68.929
256,256,2,0,16.477
256,256,2,64,16.496
256,256,2,128,16.982
256,256,2,256,19.053
256,256,2,512,22.285
256,256,2,1024,28.974
256,256,2,2048,42.653
256,256,4,0,16.528
256,256,4,64,16.528
256,256,4,128,16.532
256,256,4,256,16.988
256,256,4,512,19.029
256,256,4,1024,22.305
256,256,4,2048,29.148
256,256,8,0,16.689
256,256,8,64,16.689
256,256,8,128,16.709
256,256,8,256,16.742
256,256,8,512,17.434
256,256,8,1024,19.091
256,256,8,2048,22.909
256,256,16,0,18.319
256,256,16,64,18.32
256,256,16,128,18.35
256,256,16,256,18.447
256,256,16,512,18.578
256,256,16,1024,18.998
256,256,16,2048,22.506
256,256,32,0,22.407
256,256,32,64,23.638
256,256,32,128,23.667
256,256,32,256,23.724
256,256,32,512,23.763
256,256,32,1024,23.934
256,256,32,2048,25.187
256,256,64,0,13.861
256,256,64,64,31.639
256,256,64,128,33.837
256,256,64,256,33.85
256,256,64,512,33.851
256,256,64,1024,33.983
256,256,64,2048,34.194
256,256,128,0,13.851
256,256,128,64,13.849
256,256,128,128,52.607
256,256,128,256,52.592
256,256,128,512,52.533
256,256,128,1024,52.552
256,256,128,2048,52.844
256,256,256,0,13.935
256,256,256,64,13.93
256,256,256,128,13.946
256,256,256,256,88.834
256,256,256,512,89.933
256,256,256,1024,90.114
256,256,256,2048,90.275
256,512,0,0,18.058
256,512,0,64,18.058
256,512,0,128,18.058
256,512,0,256,18.058
256,512,0,512,18.058
256,512,0,1024,18.058
256,512,0,2048,18.058
256,512,1,0,23.502
256,512,1,64,23.521
256,512,1,128,25.076
256,512,1,256,28.417
256,512,1,512,35.325
256,512,1,1024,49.003
256,512,1,2048,75.77
256,512,2,0,23.318
256,512,2,64,23.337
256,512,2,128,23.823
256,512,2,256,25.894
256,512,2,512,29.126
256,512,2,1024,35.815
256,512,2,2048,49.494
256,512,4,0,23.369
256,512,4,64,23.369
256,512,4,128,23.373
256,512,4,256,23.829
256,512,4,512,25.87
256,512,4,1024,29.146
256,512,4,2048,35.989
256,512,8,0,23.53
256,512,8,64,23.53
256,512,8,128,23.55
256,512,8,256,23.583
256,512,8,512,24.275
256,512,8,1024,25.932
256,512,8,2048,29.75
256,512,16,0,25.16
256,512,16,64,25.161
256,512,16,128,25.191
256,512,16,256,25.288
256,512,16,512,25.419
256,512,16,1024,25.839
256,512,16,2048,29.347
256,512,32,0,29.248
256,512,32,64,30.479
256,512,32,128,30.508
256,512,32,256,30.565
256,512,32,512,30.604
256,512,32,1024,30.775
256,512,32,2048,32.028
256,512,64,0,20.702
256,512,64,64,38.48
256,512,64,128,40.678
256,512,64,256,40.691
256,512,64,512,40.692
256,512,64,1024,40.824
256,512,64,2048,41.035
256,512,128,0,20.692
256,512,128,64,20.69
256,512,128,128,59.448
256,512,128,256,59.433
256,512,128,512,59.374
256,512,128,1024,59.393
256,512,128,2048,59.685
256,512,256,0,20.776
256,512,256,64,20.771
256,512,256,128,20.787
256,512,256,256,95.675
256,512,256,512,96.774
256,512,256,1024,96.955
256,512,256,2048,97.116
256,1024,0,0,31.607
256,1024,0,64,31.607
256,1024,0,128,31.607
256,1024,0,256,31.607
256,1024,0,512,31.607
256,1024,0,1024,31.607
256,1024,0,2048,31.607
256,1024,1,0,37.051
256,1024,1,64,37.07
256,1024,1,128,38.625
256,1024,1,256,41.966
256,1024,1,512,48.874
256,1024,1,1024,62.552
256,1024,1,2048,89.319
256,1024,2,0,36.867
256,1024,2,64,36.886
256,1024,2,128,37.372
256,1024,2,256,39.443
256,1024,2,512,42.675
256,1024,2,1024,49.364
256,1024,2,2048,63.043
256,1024,4,0,36.918
256,1024,4,64,36.918
256,1024,4,128,36.922
256,1024,4,256,37.378
256,1024,4,512,39.419
256,1024,4,1024,42.695
256,1024,4,2048,49.538
256,1024,8,0,37.079
256,1024,8,64,37.079
256,1024,8,128,37.099
256,1024,8,256,37.132
256,1024,8,512,37.824
256,1024,8,1024,39.481
256,1024,8,2048,43.299
256,1024,16,0,38.709
256,1024,16,64,38.71
256,1024,16,128,38.74
256,1024,16,256,38.837
256,1024,16,512,38.968
256,1024,16,1024,39.388
256,1024,16,2048,42.896
256,1024,32,0,42.797
256,1024,32,64,44.028
256,1024,32,128,44.057
256,1024,32,256,44.114
256,1024,32,512,44.153
256,1024,32,1024,44.324
256,1024,32,2048,45.577
256,1024,64,0,34.251
256,1024,64,64,52.029
256,1024,64,128,54.227
256,1024,64,256,54.24
256,1024,64,512,54.241
256,1024,64,1024,54.373
256,1024,64,2048,54.584
256,1024,128,0,34.241
256,1024,128,64,34.239
256,1024,128,128,72.997
256,1024,128,256,72.982
256,1024,128,512,72.923
256,1024,128,1024,72.942
256,1024,128,2048,73.234
256,1024,256,0,34.325
256,1024,256,64,34.32
256,1024,256,128,34.336
256,1024,256,256,109.224
256,1024,256,512,110.323
256,1024,256,1024,110.504
256,1024,256,2048,110.665
256,2048,0,0,57.502
256,2048,0,64,57.502
256,2048,0,128,57.502
256,2048,0,256,57.502
256,2048,0,512,57.502
256,2048,0,1024,57.502
256,2048,0,2048,57.502
256,2048,1,0,62.946
256,2048,1,64,62.965
256,2048,1,128,64.52
256,2048,1,256,67.861
256,2048,1,512,74.769
256,2048,1,1024,88.447
256,2048,1,2048,115.214
256,2048,2,0,62.762
256,2048,2,64,62.781
256,2048,2,128,63.267
256,2048,2,256,65.338
256,2048,2,512,68.57
256,2048,2,1024,75.259
256,2048,2,2048,88.938
256,2048,4,0,62.813
256,2048,4,64,62.813
256,2048,4,128,62.817
256,2048,4,256,63.273
256,2048,4,512,65.314
256,2048,4,1024,68.59
256,2048,4,2048,75.433
256,2048,8,0,62.974
256,2048,8,64,62.974
256,2048,8,128,62.994
256,2048,8,256,63.027
256,2048,8,512,63.719
256,2048,8,1024,65.376
256,2048,8,2048,69.194
256,2048,16,0,64.604
256,2048,16,64,64.605
256,2048,16,128,64.635
256,2048,16,256,64.732
256,2048,16,512,64.863
256,2048,16,1024,65.283
256,2048,16,2048,68.791
256,2048,32,0,68.692
256,2048,32,64,69.923
256,2048,32,128,69.952
256,2048,32,256,70.009
256,2048,32,512,70.048
256,2048,32,1024,70.219
256,2048,32,2048,71.472
256,2048,64,0,60.146
256,2048,64,64,77.924
256,2048,64,128,80.122
256,2048,64,256,80.135
256,2048,64,512,80.136
256,2048,64,1024,80.268
256,2048,64,2048,80.479
256,2048,128,0,60.136
256,2048,128,64,60.134
256,2048,128,128,98.892
256,2048,128,256,98.877
256,2048,128,512,98.818
256,2048,128,1024,98.837
256,2048,128,2048,99.129
256,2048,256,0,60.22
256,2048,256,64,60.215
256,2048,256,128,60.231
256,2048,256,256,135.119
256,2048,256,512,136.218
256,2048,256,1024,136.399
256,2048,256,2048,136.56
512,0,0,0,5.494
512,0,0,64,5.494
512,0,0,128,5.494
512,0,0,256,5.494
512,0,0,512,5.494
512,0,0,1024,5.494
512,0,0,2048,5.494
512,0,1,0,10.938
512,0,1,64,10.957
512,0,1,128,12.512
512,0,1,256,15.853
512,0,1,512,22.761
512,0,1,1024,36.439
512,0,1,2048,63.206
512,0,2,0,10.754
512,0,2,64,10.773
512,0,2,128,11.259
512,0,2,256,13.33
512,0,2,512,16.562
512,0,2,1024,23.251
512,0,2,2048,36.93
512,0,4,0,10.805
512,0,4,64,10.805
512,0,4,128,10.809
512,0,4,256,11.265
512,0,4,512,13.306
512,0,4,1024,16.582
512,0,4,2048,23.425
512,0,8,0,10.966
512,0,8,64,10.966
512,0,8,128,10.986
512,0,8,256,11.019
512,0,8,512,11.711
512,0,8,1024,13.368
512,0,8,2048,17.186
512,0,16,0,12.596
512,0,16,64,12.597
512,0,16,128,12.627
512,0,16,256,12.724
512,0,16,512,12.855
512,0,16,1024,13.275
512,0,16,2048,16.783
512,0,32,0,16.684
512,0,32,64,17.915
512,0,32,128,17.944
512,0,32,256,18.001
512,0,32,512,18.04
512,0,32,1024,18.211
512,0,32,2048,19.464
512,0,64,0,8.138
512,0,64,64,25.916
512,0,64,128,28.114
512,0,64,256,28.127
512,0,64,512,28.128
512,0,64,1024,28.26
512,0,64,2048,28.471
512,0,128,0,8.128
512,0,128,64,8.126
512,0,128,128,46.884
512,0,128,256,46.869
512,0,128,512,46.81
512,0,128,1024,46.829
512,0,128,2048,47.121
512,0,256,0,8.212
512,0,256,64,8.207
512,0,256,128,8.223
512,0,256,256,83.111
512,0,256,512,84.21
512,0,256,1024,84.391
512,0,256,2048,84.552
512,64,0,0,5.497
512,64,0,64,5.497
512,64,0,128,5.497
512,64,0,256,5.497
512,64,0,512,5.497
512,64,0,1024,5.497
512,64,0,2048,5.497
512,64,1,0,10.941
512,64,1,64,10.96
512,64,1,128,12.515
512,64,1,256,15.856
512,64,1,512,22.764
512,64,1,1024,36.442
512,64,1,2048,63.209
512,64,2,0,10.757
512,64,2,64,10.776
512,64,2,128,11.262
512,64,2,256,13.333
512,64,2,512,16.565
512,64,2,1024,23.254
512,64,2,2048,36.933
512,64,4,0,10.808
512,64,4,64,10.808
512,64,4,128,10.812
512,64,4,256,11.268
512,64,4,512,13.309
512,64,4,1024,16.585
512,64,4,2048,23.428
512,64,8,0,10.969
512,64,8,64,10.969
512,64,8,128,10.989
512,64,8,256,11.022
512,64,8,512,11.714
512,64,8,1024,13.371
512,64,8,2048,17.189
512,64,16,0,12.599
512,64,16,64,12.6
512,64,16,128,12.63
512,64,16,256,12.727
512,64,16,512,12.858
512,64,16,1024,13.278
512,64,16,2048,16.786
512,64,32,0,16.687
512,64,32,64,17.918
512,64,32,128,17.947
512,64,32,256,18.004
512,64,32,512,18.043
512,64,32,1024,18.214
512,64,32,2048,19.467
512,64,64,0,8.141
512,64,64,64,25.919
512,64,64,128,28.117
512,64,64,256,28.13
512,64,64,512,28.131
512,64,64,1024,28.263
512,64,64,2048,28.474
512,64,128,0,8.131
512,64,128,64,8.129
512,64,128,128,46.887
512,64,128,256,46.872
512,64,128,512,46.813
512,64,128,1024,46.832
512,64,128,2048,47.124
512,64,256,0,8.215
512,64,256,64,8.21
512,64,256,128,8.226
512,64,256,256,83.114
512,64,256,512,84.213
512,64,256,1024,84.394
512,64,256,2048,84.555
512,128,0,0,7.6
512,128,0,64,7.6
512,128,0,128,7.6
512,128,0,256,7.6
512,128,0,512,7.6
512,128,0,1024,7.6
512,128,0,2048,7.6
512,128,1,0,13.044
512,128,1,64,13.063
512,128,1,128,14.618
512,128,1,256,17.959
512,128,1,512,24.867
512,128,1,1024,38.545
512,128,1,2048,65.312
512,128,2,0,12.86
512,128,2,64,12.879
512,128,2,128,13.365
512,128,2,256,15.436
512,128,2,512,18.668
512,128,2,1024,25.357
512,128,2,2048,39.036
512,128,4,0,12.911
512,128,4,64,12.911
512,128,4,128,12.915
512,128,4,256,13.371
512,128,4,512,15.412
512,128,4,1024,18.688
512,128,4,2048,25.531
512,128,8,0,13.072
512,128,8,64,13.072
512,128,8,128,13.092
512,128,8,256,13.125
512,128,8,512,13.817
512,128,8,1024,15.474
512,128,8,2048,19.292
512,128,16,0,14.702
512,128,16,64,14.703
512,128,16,128,14.733
512,128,16,256,14.83
512,128,16,512,14.961
512,128,16,1024,15.381
512,128,16,2048,18.889
512,128,32,0,18.79
512,128,32,64,20.021
512,128,32,128,20.05
512,128,32,256,20.107
512,128,32,512,20.146
512,128,32,1024,20.317
512,128,32,2048,21.57
512,128,64,0,10.244
512,128,64,64,28.022
512,128,64,128,30.22
512,128,64,256,30.233
512,128,64,512,30.234
512,128,64,1024,30.366
512,128,64,2048,30.577
512,128,128,0,10.234
512,128,128,64,10.232
512,128,128,128,48.99
512,128,128,256,48.975
512,128,128,512,48.916
512,128,128,1024,48.935
512,128,128,2048,49.227
512,128,256,0,10.318
512,128,256,64,10.313
512,128,256,128,10.329
512,128,256,256,85.217
512,128,256,512,86.316
512,128,256,1024,86.497
512,128,256,2048,86.658
512,256,0,0,11.217
512,256,0,64,11.217
512,256,0,128,11.217
512,256,0,256,11.217
512,256,0,512,11.217
512,256,0,1024,11.217
512,256,0,2048,11.217
512,256,1,0,16.661
512,256,1,64,16.68
512,256,1,128,18.235
512,256,1,256,21.576
512,256,1,512,28.484
512,256,1,1024,42.162
512,256,1,2048,68.929
512,256,2,0,16.477
512,256,2,64,16.496
512,256,2,128,16.982
512,256,2,256,19.053
512,256,2,512,22.285
512,256,2,1024,28.974
512,256,2,2048,42.653
512,256,4,0,16.528
512,256,4,64,16.528
512,256,4,128,16.532
512,256,4,256,16.988
512,256,4,512,19.029
512,256,4,1024,22.305
512,256,4,2048,29.148
512,256,8,0,16.689
512,256,8,64,16.689
512,256,8,128,16.709
512,256,8,256,16.742
512,256,8,512,17.434
512,256,8,1024,19.091
512,256,8,2048,22.909
512,256,16,0,18.319
512,256,16,64,18.32
512,256,16,128,18.35
512,256,16,256,18.447
512,256,16,512,18.578
512,256,16,1024,18.998
512,256,16,2048,22.506
512,256,32,0,22.407
512,256,32,64,23.638
512,256,32,128,23.667
512,256,32,256,23.724
512,256,32,512,23.763
512,256,32,1024,23.934
512,256,32,2048,25.187
512,256,64,0,13.861
512,256,64,64,31.639
512,256,64,128,33.837
512,256,64,256,33.85
512,256,64,512,33.851
512,256,64,1024,33.983
512,256,64,2048,34.194
512,256,128,0,13.851
512,256,128,64,13.849
512,256,128,128,52.607
512,256,128,256,52.592
512,256,128,512,52.533
512,256,128,1024,52.552
512,256,128,2048,52.844
512,256,256,0,13.935
512,256,256,64,13.93
512,256,256,128,13.946
512,256,256,256,88.834
512,256,256,512,89.933
512,256,256,1024,90.114
512,256,256,2048,90.275
512,512,0,0,18.249
512,512,0,64,18.249
512,512,0,128,18.249
512,512,0,256,18.249
512,512,0,512,18.249
512,512,0,1024,18.249
512,512,0,2048,18.249
512,512,1,0,23.693
512,512,1,64,23.712
512,512,1,128,25.267
512,512,1,256,28.608
512,512,1,512,35.516
512,512,1,1024,49.194
512,512,1,2048,75.961
512,512,2,0,23.509
512,512,2,64,23.528
512,512,2,128,24.014
512,512,2,256,26.085
512,512,2,512,29.317
512,512,2,1024,36.006
512,512,2,2048,49.685
512,512,4,0,23.56
512,512,4,64,23.56
512,512,4,128,23.564
512,512,4,256,24.02
512,512,4,512,26.061
512,512,4,1024,29.337
512,512,4,2048,36.18
512,512,8,0,23.721
512,512,8,64,23.721
512,512,8,128,23.741
512,512,8,256,23.774
512,512,8,512,24.466
512,512,8,1024,26.123
512,512,8,2048,29.941
512,512,16,0,25.351
512,512,16,64,25.352
512,512,16,128,25.382
512,512,16,256,25.479
512,512,16,512,25.61
512,512,16,1024,26.03
512,512,16,2048,29.538
512,512,32,0,29.439
512,512,32,64,30.67
512,512,32,128,30.699
512,512,32,256,30.756
512,512,32,512,30.795
512,512,32,1024,30.966
512,512,32,2048,32.219
512,512,64,0,20.893
512,512,64,64,38.671
512,512,64,128,40.869
512,512,64,256,40.882
512,512,64,512,40.883
512,512,64,1024,41.015
512,512,64,2048,41.226
512,512,128,0,20.883
512,512,128,64,20.881
512,512,128,128,59.639
512,512,128,256,59.624
512,512,128,512,59.565
512,512,128,1024,59.584
512,512,128,2048,59.876
512,512,256,0,20.967
512,512,256,64,20.962
512,512,256,128,20.978
512,512,256,256,95.866
512,512,256,512,96.965
512,512,256,1024,97.146
512,512,256,2048,97.307
512,1024,0,0,31.791
512,1024,0,64,31.791
512,1024,0,128,31.791
512,1024,0,256,31.791
512,1024,0,512,31.791
512,1024,0,1024,31.791
512,1024,0,2048,31.791
512,1024,1,0,37.235
512,1024,1,64,37.254
512,1024,1,128,38.809
512,1024,1,256,42.15
512,1024,1,512,49.058
512,1024,1,1024,62.736
512,1024,1,2048,89.503
512,1024,2,0,37.051
512,1024,2,64,37.07
512,1024,2,128,37.556
512,1024,2,256,39.627
512,1024,2,512,42.859
512,1024,2,1024,49.548
512,1024,2,2048,63.227
512,1024,4,0,37.102
512,1024,4,64,37.102
512,1024,4,128,37.106
512,1024,4,256,37.562
512,1024,4,512,39.603
512,1024,4,1024,42.879
512,1024,4,2048,49.722
512,1024,8,0,37.263
512,1024,8,64,37.263
512,1024,8,128,37.283
512,1024,8,256,37.316
512,1024,8,512,38.008
512,1024,8,1024,39.665
512,1024,8,2048,43.483
512,1024,16,0,38.893
512,1024,16,64,38.894
512,1024,16,128,38.924
512,1024,16,256,39.021
512,1024,16,512,39.152
512,1024,16,1024,39.572
512,1024,16,2048,43.08
512,1024,32,0,42.981
512,1024,32,64,44.212
512,1024,32,128,44.241
512,1024,32,256,44.298
512,1024,32,512,44.337
512,1024,32,1024,44.508
512,1024,32,2048,45.761
512,1024,64,0,34.435
512,1024,64,64,52.213
512,1024,64,128,54.411
512,1024,64,256,54.424
512,1024,64,512,54.425
512,1024,64,1024,54.557
512,1024,64,2048,54.768
512,1024,128,0,34.425
512,1024,128,64,34.423
512,1024,128,128,73.181
512,1024,128,256,73.166
512,1024,128,512,73.107
512,1024,128,1024,73.126
512,1024,128,2048,73.418
512,1024,256,0,34.509
512,1024,256,64,34.504
512,1024,256,128,34.52
512,1024,256,256,109.408
512,1024,256,512,110.507
512,1024,256,1024,110.688
512,1024,256,2048,110.849
512,2048,0,0,57.502
512,2048,0,64,57.502
512,2048,0,128,57.502
512,2048,0,256,57.502
512,2048,0,512,57.502
512,2048,0,1024,57.502
512,2048,0,2048,57.502
512,2048,1,0,62.946
512,2048,1,64,62.965
512,2048,1,128,64.52
512,2048,1,256,67.861
512,2048,1,512,74.769
512,2048,1,1024,88.447
512,2048,1,2048,115.214
512,2048,2,0,62.762
512,2048,2,64,62.781
512,2048,2,128,63.267
512,2048,2,256,65.338
512,2048,2,512,68.57
512,2048,2,1024,75.259
512,2048,2,2048,88.938
512,2048,4,0,62.813
512,2048,4,64,62.813
512,2048,4,128,62.817
512,2048,4,256,63.273
512,2048,4,512,65.314
512,2048,4,1024,68.59
512,2048,4,2048,75.433
512,2048,8,0,62.974
512,2048,8,64,62.974
512,2048,8,128,62.994
512,2048,8,256,63.027
512,2048,8,512,63.719
512,2048,8,1024,65.376
512,2048,8,2048,69.194
512,2048,16,0,64.604
512,2048,16,64,64.605
512,2048,16,128,64.635
512,2048,16,256,64.732
512,2048,16,512,64.863
512,2048,16,1024,65.283
512,2048,16,2048,68.791
512,2048,32,0,68.692
512,2048,32,64,69.923
512,2048,32,128,69.952
512,2048,32,256,70.009
512,2048,32,512,70.048
512,2048,32,1024,70.219
512,2048,32,2048,71.472
512,2048,64,0,60.146
512,2048,64,64,77.924
512,2048,64,128,80.122
512,2048,64,256,80.135
512,2048,64,512,80.136
512,2048,64,1024,80.268
512,2048,64,2048,80.479
512,2048,128,0,60.136
512,2048,128,64,60.134
512,2048,128,128,98.892
512,2048,128,256,98.877
512,2048,128,512,98.818
512,2048,128,1024,98.837
512,2048,128,2048,99.129
512,2048,256,0,60.22
512,2048,256,64,60.215
512,2048,256,128,60.231
512,2048,256,256,135.119
512,2048,256,512,136.218
512,2048,256,1024,136.399
512,2048,256,2048,136.56
1024,0,0,0,5.494
1024,0,0,64,5.494
1024,0,0,128,5.494
1024,0,0,256,5.494
1024,0,0,512,5.494
1024,0,0,1024,5.494
1024,0,0,2048,5.494
1024,0,1,0,10.938
1024,0,1,64,10.957
1024,0,1,128,12.512
1024,0,1,256,15.853
1024,0,1,512,22.761
1024,0,1,1024,36.439
1024,0,1,2048,63.206
1024,0,2,0,10.754
1024,0,2,64,10.773
1024,0,2,128,11.259
1024,0,2,256,13.33
1024,0,2,512,16.562
1024,0,2,1024,23.251
1024,0,2,2048,36.93
1024,0,4,0,10.805
1024,0,4,64,10.805
1024,0,4,128,10.809
1024,0,4,256,11.265
1024,0,4,512,13.306
1024,0,4,1024,16.582
1024,0,4,2048,23.425
1024,0,8,0,10.966
1024,0,8,64,10.966
1024,0,8,128,10.986
1024,0,8,256,11.019
1024,0,8,512,11.711
1024,0,8,1024,13.368
1024,0,8,2048,17.186
1024,0,16,0,12.596
1024,0,16,64,12.597
1024,0,16,128,12.627
1024,0,16,256,12.724
1024,0,16,512,12.855
1024,0,16,1024,13.275
1024,0,16,2048,16.783
1024,0,32,0,16.684
1024,0,32,64,17.915
1024,0,32,128,17.944
1024,0,32,256,18.001
1024,0,32,512,18.04
1024,0,32,1024,18.211
1024,0,32,2048,19.464
1024,0,64,0,8.138
1024,0,64,64,25.916
1024,0,64,128,28.114
1024,0,64,256,28.127
1024,0,64,512,28.128
1024,0,64,1024,28.26
1024,0,64,2048,28.471
1024,0,128,0,8.128
1024,0,128,64,8.126
1024,0,128,128,46.884
1024,0,128,256,46.869
1024,0,128,512,46.81
1024,0,128,1024,46.829
1024,0,128,2048,47.121
1024,0,256,0,8.212
1024,0,256,64,8.207
1024,0,256,128,8.223
1024,0,256,256,83.111
1024,0,256,512,84.21
1024,0,256,1024,84.391
1024,0,256,2048,84.552
1024,64,0,0,5.497
1024,64,0,64,5.497
1024,64,0,128,5.497
1024,64,0,256,5.497
1024,64,0,512,5.497
1024,64,0,1024,5.497
1024,64,0,2048,5.497
1024,64,1,0,10.941
1024,64,1,64,10.96
1024,64,1,128,12.515
1024,64,1,256,15.856
1024,64,1,512,22.764
1024,64,1,1024,36.442
1024,64,1,2048,63.209
1024,64,2,0,10.757
1024,64,2,64,10.776
1024,64,2,128,11.262
1024,64,2,256,13.333
1024,64,2,512,16.565
1024,64,2,1024,23.254
1024,64,2,2048,36.933
1024,64,4,0,10.808
1024,64,4,64,10.808
1024,64,4,128,10.812
1024,64,4,256,11.268
1024,64,4,512,13.309
1024,64,4,1024,16.585
1024,64,4,2048,23.428
1024,64,8,0,10.969
1024,64,8,64,10.969
1024,64,8,128,10.989
1024,64,8,256,11.022
1024,64,8,512,11.714
1024,64,8,1024,13.371
1024,64,8,2048,17.189
1024,64,16,0,12.599
1024,64,16,64,12.6
1024,64,16,128,12.63
1024,64,16,256,12.727
1024,64,16,512,12.858
1024,64,16,1024,13.278
1024,64,16,2048,16.786
1024,64,32,0,16.687
1024,64,32,64,17.918
1024,64,32,128,17.947
1024,64,32,256,18.004
1024,64,32,512,18.043
1024,64,32,1024,18.214
1024,64,32,2048,19.467
1024,64,64,0,8.141
1024,64,64,64,25.919
1024,64,64,128,28.117
1024,64,64,256,28.13
1024,64,64,512,28.131
1024,64,64,1024,28.263
1024,64,64,2048,28.474
1024,64,128,0,8.131
1024,64,128,64,8.129
1024,64,128,128,46.887
1024,64,128,256,46.872
1024,64,128,512,46.813
1024,64,128,1024,46.832
1024,64,128,2048,47.124
1024,64,256,0,8.215
1024,64,256,64,8.21
1024,64,256,128,8.226
1024,64,256,256,83.114
1024,64,256,512,84.213
1024,64,256,1024,84.394
1024,64,256,2048,84.555
1024,128,0,0,7.6
1024,128,0,64,7.6
1024,128,0,128,7.6
1024,128,0,256,7.6
1024,128,0,512,7.6
1024,128,0,1024,7.6
1024,128,0,2048,7.6
1024,128,1,0,13.044
1024,128,1,64,13.063
1024,128,1,128,14.618
1024,128,1,256,17.959
1024,128,1,512,24.867
1024,128,1,1024,38.545
1024,128,1,2048,65.312
1024,128,2,0,12.86
1024,128,2,64,12.879
1024,128,2,128,13.365
1024,128,2,256,15.436
1024,128,2,512,18.668
1024,128,2,1024,25.357
1024,128,2,2048,39.036
1024,128,4,0,12.911
1024,128,4,64,12.911
1024,128,4,128,12.915
1024,128,4,256,13.371
1024,128,4,512,15.412
1024,128,4,1024,18.688
1024,128,4,2048,25.531
1024,128,8,0,13.072
1024,128,8,64,13.072
1024,128,8,128,13.092
1024,128,8,256,13.125
1024,128,8,512,13.817
1024,128,8,1024,15.474
1024,128,8,2048,19.292
1024,128,16,0,14.702
1024,128,16,64,14.703
1024,128,16,128,14.733
1024,128,16,256,14.83
1024,128,16,512,14.961
1024,128,16,1024,15.381
1024,128,16,2048,18.889
1024,128,32,0,18.79
1024,128,32,64,20.021
1024,128,32,128,20.05
1024,128,32,256,20.107
1024,128,32,512,20.146
1024,128,32,1024,20.317
1024,128,32,2048,21.57
1024,128,64,0,10.244
1024,128,64,64,28.022
1024,128,64,128,30.22
1024,128,64,256,30.233
1024,128,64,512,30.234
1024,128,64,1024,30.366
1024,128,64,2048,30.577
1024,128,128,0,10.234
1024,128,128,64,10.232
1024,128,128,128,48.99
1024,128,128,256,48.975
1024,128,128,512,48.916
1024,128,128,1024,48.935
1024,128,128,2048,49.227
1024,128,256,0,10.318
1024,128,256,64,10.313
1024,128,256,128,10.329
1024,128,256,256,85.217
1024,128,256,512,86.316
1024,128,256,1024,86.497
1024,128,256,2048,86.658
1024,256,0,0,11.217
1024,256,0,64,11.217
1024,256,0,128,11.217
1024,256,0,256,11.217
1024,256,0,512,11.217
1024,256,0,1024,11.217
1024,256,0,2048,11.217
1024,256,1,0,16.661
1024,256,1,64,16.68
1024,256,1,128,18.235
1024,256,1,256,21.576
1024,256,1,512,28.484
1024,256,1,1024,42.162
1024,256,1,2048,68.929
1024,256,2,0,16.477
1024,256,2,64,16.496
1024,256,2,128,16.982
1024,256,2,256,19.053
1024,256,2,512,22.285
1024,256,2,1024,28.974
1024,256,2,2048,42.653
1024,256,4,0,16.528
1024,256,4,64,16.528
1024,256,4,128,16.532
1024,256,4,256,16.988
1024,256,4,512,19.029
1024,256,4,1024,22.305
1024,256,4,2048,29.148
1024,256,8,0,16.689
1024,256,8,64,16.689
1024,256,8,128,16.709
1024,256,8,256,16.742
1024,256,8,512,17.434
1024,256,8,1024,19.091
1024,256,8,2048,22.909
1024,256,16,0,18.319
1024,256,16,64,18.32
1024,256,16,128,18.35
1024,256,16,256,18.447
1024,256,16,512,18.578
1024,256,16,1024,18.998
1024,256,16,2048,22.506
1024,256,32,0,22.407
1024,256,32,64,23.638
1024,256,32,128,23.667
1024,256,32,256,23.724
1024,256,32,512,23.763
1024,256,32,1024,23.934
1024,256,32,2048,25.187
1024,256,64,0,13.861
1024,256,64,64,31.639
1024,256,64,128,33.837
1024,256,64,256,33.85
1024,256,64,512,33.851
1024,256,64,1024,33.983
1024,256,64,2048,34.194
1024,256,128,0,13.851
1024,256,128,64,13.849
1024,256,128,128,52.607
1024,256,128,256,52.592
1024,256,128,512,52.533
1024,256,128,1024,52.552
1024,256,128,2048,52.844
1024,256,256,0,13.935
1024,256,256,64,13.93
1024,256,256,128,13.946
1024,256,256,256,88.834
1024,256,256,512,89.933
1024,256,256,1024,90.114
1024,256,256,2048,90.275
1024,512,0,0,18.249
1024,512,0,64,18.249
1024,512,0,128,18.249
1024,512,0,256,18.249
1024,512,0,512,18.249
1024,512,0,1024,18.249
1024,512,0,2048,18.249
1024,512,1,0,23.693
1024,512,1,64,23.712
1024,512,1,128,25.267
1024,512,1,256,28.608
1024,512,1,512,35.516
1024,512,1,1024,49.194
1024,512,1,2048,75.961
1024,512,2,0,23.509
1024,512,2,64,23.528
1024,512,2,128,24.014
1024,512,2,256,26.085
1024,512,2,512,29.317
1024,512,2,1024,36.006
1024,512,2,2048,49.685
1024,512,4,0,23.56
1024,512,4,64,23.56
1024,512,4,128,23.564
1024,512,4,256,24.02
1024,512,4,512,26.061
1024,512,4,1024,29.337
1024,512,4,2048,36.18
1024,512,8,0,23.721
1024,512,8,64,23.721
1024,512,8,128,23.741
1024,512,8,256,23.774
1024,512,8,512,24.466
1024,512,8,1024,26.123
1024,512,8,2048,29.941
1024,512,16,0,25.351
1024,512,16,64,25.352
1024,512,16,128,25.382
1024,512,16,256,25.479
1024,512,16,512,25.61
1024,512,16,1024,26.03
1024,512,16,2048,29.538
1024,512,32,0,29.439
1024,512,32,64,30.67
1024,512,32,128,30.699
1024,512,32,256,30.756
1024,512,32,512,30.795
1024,512,32,1024,30.966
1024,512,32,2048,32.219
1024,512,64,0,20.893
1024,512,64,64,38.671
1024,512,64,128,40.869
1024,512,64,256,40.882
1024,512,64,512,40.883
1024,512,64,1024,41.015
1024,512,64,2048,41.226
1024,512,128,0,20.883
1024,512,128,64,20.881
1024,512,128,128,59.639
1024,512,128,256,59.624
1024,512,128,512,59.565
1024,512,128,1024,59.584
1024,512,128,2048,59.876
1024,512,256,0,20.967
1024,512,256,64,20.962
1024,512,256,128,20.978
1024,512,256,256,95.866
1024,512,256,512,96.965
1024,512,256,1024,97.146
1024,512,256,2048,97.307
1024,1024,0,0,32.389
1024,1024,0,64,32.389
1024,1024,0,128,32.389
1024,1024,0,256,32.389
1024,1024,0,512,32.389
1024,1024,0,1024,32.389
1024,1024,0,2048,32.389
1024,1024,1,0,37.833
1024,1024,1,64,37.852
1024,1024,1,128,39.407
1024,1024,1,256,42.748
1024,1024,1,512,49.656
1024,1024,1,1024,63.334
1024,1024,1,2048,90.101
1024,1024,2,0,37.649
1024,1024,2,64,37.668
1024,1024,2,128,38.154
1024,1024,2,256,40.225
1024,1024,2,512,43.457
1024,1024,2,1024,50.146
1024,1024,2,2048,63.825
1024,1024,4,0,37.7
1024,1024,4,64,37.7
1024,1024,4,128,37.704
1024,1024,4,256,38.16
1024,1024,4,512,40.201
1024,1024,4,1024,43.477
1024,1024,4,2048,50.32
1024,1024,8,0,37.861
1024,1024,8,64,37.861
1024,1024,8,128,37.881
1024,1024,8,256,37.914
1024,1024,8,512,38.606
1024,1024,8,1024,40.263
1024,1024,8,2048,44.081
1024,1024,16,0,39.491
1024,1024,16,64,39.492
1024,1024,16,128,39.522
1024,1024,16,256,39.619
1024,1024,16,512,39.75
1024,1024,16,1024,40.17
1024,1024,16,2048,43.678
1024,1024,32,0,43.579
1024,1024,32,64,44.81
1024,1024,32,128,44.839
1024,1024,32,256,44.896
1024,1024,32,512,44.935
1024,1024,32,1024,45.106
1024,1024,32,2048,46.359
1024,1024,64,0,35.033
1024,1024,64,64,52.811
1024,1024,64,128,55.009
1024,1024,64,256,55.022
1024,1024,64,512,55.023
1024,1024,64,1024,55.155
1024,1024,64,2048,55.366
1024,1024,128,0,35.023
1024,1024,128,64,35.021
1024,1024,128,128,73.779
1024,1024,128,256,73.764
1024,1024,128,512,73.705
1024,1024,128,1024,73.724
1024,1024,128,2048,74.016
1024,1024,256,0,35.107
1024,1024,256,64,35.102
1024,1024,256,128,35.118
1024,1024,256,256,110.006
1024,1024,256,512,111.105
1024,1024,256,1024,111.286
1024,1024,256,2048,111.447
1024,2048,0,0,57.502
1024,2048,0,64,57.502
1024,2048,0,128,57.502
1024,2048,0,256,57.502
1024,2048,0,512,57.502
1024,2048,0,1024,57.502
1024,2048,0,2048,57.502
1024,2048,1,0,62.946
1024,2048,1,64,62.965
1024,2048,1,128,64.52
1024,2048,1,256,67.861
1024,2048,1,512,74.769
1024,2048,1,1024,88.447
1024,2048,1,2048,115.214
1024,2048,2,0,62.762
1024,2048,2,64,62.781
1024,2048,2,128,63.267
1024,2048,2,256,65.338
1024,2048,2,512,68.57
1024,2048,2,1024,75.259
1024,2048,2,2048,88.938
1024,2048,4,0,62.813
1024,2048,4,64,62.813
1024,2048,4,128,62.817
1024,2048,4,256,63.273
1024,2048,4,512,65.314
1024,2048,4,1024,68.59
1024,2048,4,2048,75.433
1024,2048,8,0,62.974
1024,2048,8,64,62.974
1024,2048,8,128,62.994
1024,2048,8,256,63.027
1024,2048,8,512,63.719
1024,2048,8,1024,65.376
1024,2048,8,2048,69.194
1024,2048,16,0,64.604
1024,2048,16,64,64.605
1024,2048,16,128,64.635
1024,2048,16,256,64.732
1024,2048,16,512,64.863
1024,2048,16,1024,65.283
1024,2048,16,2048,68.791
1024,2048,32,0,68.692
1024,2048,32,64,69.923
1024,2048,32,128,69.952
1024,2048,32,256,70.009
1024,2048,32,512,70.048
1024,2048,32,1024,70.219
1024,2048,32,2048,71.472
1024,2048,64,0,60.146
1024,2048,64,64,77.924
1024,2048,64,128,80.122
1024,2048,64,256,80.135
1024,2048,64,512,80.136
1024,2048,64,1024,80.268
1024,2048,64,2048,80.479
1024,2048,128,0,60.136
1024,2048,128,64,60.134
1024,2048,128,128,98.892
1024,2048,128,256,98.877
1024,2048,128,512,98.818
1024,2048,128,1024,98.837
1024,2048,128,2048,99.129
1024,2048,256,0,60.22
1024,2048,256,64,60.215
1024,2048,256,128,60.231
1024,2048,256,256,135.119
1024,2048,256,512,136.218
1024,2048,256,1024,136.399
1024,2048,256,2048,136.56
2048,0,0,0,5.494
2048,0,0,64,5.494
2048,0,0,128,5.494
2048,0,0,256,5.494
2048,0,0,512,5.494
2048,0,0,1024,5.494
2048,0,0,2048,5.494
2048,0,1,0,10.938
2048,0,1,64,10.957
2048,0,1,128,12.512
2048,0,1,256,15.853
2048,0,1,512,22.761
2048,0,1,1024,36.439
2048,0,1,2048,63.206
2048,0,2,0,10.754
2048,0,2,64,10.773
2048,0,2,128,11.259
2048,0,2,256,13.33
2048,0,2,512,16.562
2048,0,2,1024,23.251
2048,0,2,2048,36.93
2048,0,4,0,10.805
2048,0,4,64,10.805
2048,0,4,128,10.809
2048,0,4,256,11.265
2048,0,4,512,13.306
2048,0,4,1024,16.582
2048,0,4,2048,23.425
2048,0,8,0,10.966
2048,0,8,64,10.966
2048,0,8,128,10.986
2048,0,8,256,11.019
2048,0,8,512,11.711
2048,0,8,1024,13.368
2048,0,8,2048,17.186
2048,0,16,0,12.596
2048,0,16,64,12.597
2048,0,16,128,12.627
2048,0,16,256,12.724
2048,0,16,512,12.855
2048,0,16,1024,13.275
2048,0,16,2048,16.783
2048,0,32,0,16.684
2048,0,32,64,17.915
2048,0,32,128,17.944
2048,0,32,256,18.001
2048,0,32,512,18.04
2048,0,32,1024,18.211
2048,0,32,2048,19.464
2048,0,64,0,8.138
2048,0,64,64,25.916
2048,0,64,128,28.114
2048,0,64,256,28.127
2048,0,64,512,28.128
2048,0,64,1024,28.26
2048,0,64,2048,28.471
2048,0,128,0,8.128
2048,0,128,64,8.126
2048,0,128,128,46.884
2048,0,128,256,46.869
2048,0,128,512,46.81
2048,0,128,1024,46.829
2048,0,128,2048,47.121
2048,0,256,0,8.212
2048,0,256,64,8.207
2048,0,256,128,8.223
2048,0,256,256,83.111
2048,0,256,512,84.21
2048,0,256,1024,84.391
2048,0,256,2048,84.552
2048,64,0,0,5.497
2048,64,0,64,5.497
2048,64,0,128,5.497
2048,64,0,256,5.497
2048,64,0,512,5.497
2048,64,0,1024,5.497
2048,64,0,2048,5.497
2048,64,1,0,10.941
2048,64,1,64,10.96
2048,64,1,128,12.515
2048,64,1,256,15.856
2048,64,1,512,22.764
2048,64,1,1024,36.442
2048,64,1,2048,63.209
2048,64,2,0,10.757
2048,64,2,64,10.776
2048,64,2,128,11.262
2048,64,2,256,13.333
2048,64,2,512,16.565
2048,64,2,1024,23.254
2048,64,2,2048,36.933
2048,64,4,0,10.808
2048,64,4,64,10.808
2048,64,4,128,10.812
2048,64,4,256,11.268
2048,64,4,512,13.309
2048,64,4,1024,16.585
2048,64,4,2048,23.428
2048,64,8,0,10.969
2048,64,8,64,10.969
2048,64,8,128,10.989
2048,64,8,256,11.022
2048,64,8,512,11.714
2048,64,8,1024,13.371
2048,64,8,2048,17.189
2048,64,16,0,12.599
2048,64,16,64,12.6
2048,64,16,128,12.63
2048,64,16,256,12.727
2048,64,16,512,12.858
2048,64,16,1024,13.278
2048,64,16,2048,16.786
2048,64,32,0,16.687
2048,64,32,64,17.918
2048,64,32,128,17.947
2048,64,32,256,18.004
2048,64,32,512,18.043
2048,64,32,1024,18.214
2048,64,32,2048,19.467
2048,64,64,0,8.141
2048,64,64,64,25.919
2048,64,64,128,28.117
2048,64,64,256,28.13
2048,64,64,512,28.131
2048,64,64,1024,28.263
2048,64,64,2048,28.474
2048,64,128,0,8.131
2048,64,128,64,8.129
2048,64,128,128,46.887
2048,64,128,256,46.872
2048,64,128,512,46.813
2048,64,128,1024,46.832
2048,64,128,2048,47.124
2048,64,256,0,8.215
2048,64,256,64,8.21
2048,64,256,128,8.226
2048,64,256,256,83.114
2048,64,256,512,84.213
2048,64,256,1024,84.394
2048,64,256,2048,84.555
2048,128,0,0,7.6
2048,128,0,64,7.6
2048,128,0,128,7.6
2048,128,0,256,7.6
2048,128,0,512,7.6
2048,128,0,1024,7.6
2048,128,0,2048,7.6
2048,128,1,0,13.044
2048,128,1,64,13.063
2048,128,1,128,14.618
2048,128,1,256,17.959
2048,128,1,512,24.867
2048,128,1,1024,38.545
2048,128,1,2048,65.312
2048,128,2,0,12.86
2048,128,2,64,12.879
2048,128,2,128,13.365
2048,128,2,256,15.436
2048,128,2,512,18.668
2048,128,2,1024,25.357
2048,128,2,2048,39.036
2048,128,4,0,12.911
2048,128,4,64,12.911
2048,128,4,128,12.915
2048,128,4,256,13.371
2048,128,4,512,15.412
2048,128,4,1024,18.688
2048,128,4,2048,25.531
2048,128,8,0,13.072
2048,128,8,64,13.072
2048,128,8,128,13.092
2048,128,8,256,13.125
2048,128,8,512,13.817
2048,128,8,1024,15.474
2048,128,8,2048,19.292
2048,128,16,0,14.702
2048,128,16,64,14.703
2048,128,16,128,14.733
2048,128,16,256,14.83
2048,128,16,512,14.961
2048,128,16,1024,15.381
2048,128,16,2048,18.889
2048,128,32,0,18.79
2048,128,32,64,20.021
2048,128,32,128,20.05
2048,128,32,256,20.107
2048,128,32,512,20.146
2048,128,32,1024,20.317
2048,128,32,2048,21.57
2048,128,64,0,10.244
2048,128,64,64,28.022
2048,128,64,128,30.22
2048,128,64,256,30.233
2048,128,64,512,30.234
2048,128,64,1024,30.366
2048,128,64,2048,30.577
2048,128,128,0,10.234
2048,128,128,64,10.232
2048,128,128,128,48.99
2048,128,128,256,48.975
2048,128,128,512,48.916
2048,128,128,1024,48.935
2048,128,128,2048,49.227
2048,128,256,0,10.318
2048,128,256,64,10.313
2048,128,256,128,10.329
2048,128,256,256,85.217
2048,128,256,512,86.316
2048,128,256,1024,86.497
2048,128,256,2048,86.658
2048,256,0,0,11.217
2048,256,0,64,11.217
2048,256,0,128,11.217
2048,256,0,256,11.217
2048,256,0,512,11.217
2048,256,0,1024,11.217
2048,256,0,2048,11.217
2048,256,1,0,16.661
2048,256,1,64,16.68
2048,256,1,128,18.235
2048,256,1,256,21.576
2048,256,1,512,28.484
2048,256,1,1024,42.162
2048,256,1,2048,68.929
2048,256,2,0,16.477
2048,256,2,64,16.496
2048,256,2,128,16.982
2048,256,2,256,19.053
2048,256,2,512,22.285
2048,256,2,1024,28.974
2048,256,2,2048,42.653
2048,256,4,0,16.528
2048,256,4,64,16.528
2048,256,4,128,16.532
2048,256,4,256,16.988
2048,256,4,512,19.029
2048,256,4,1024,22.305
2048,256,4,2048,29.148
2048,256,8,0,16.689
2048,256,8,64,16.689
2048,256,8,128,16.709
2048,256,8,256,16.742
2048,256,8,512,17.434
2048,256,8,1024,19.091
2048,256,8,2048,22.909
2048,256,16,0,18.319
2048,256,16,64,18.32
2048,256,16,128,18.35
2048,256,16,256,18.447
2048,256,16,512,18.578
2048,256,16,1024,18.998
2048,256,16,2048,22.506
2048,256,32,0,22.407
2048,256,32,64,23.638
2048,256,32,128,23.667
2048,256,32,256,23.724
2048,256,32,512,23.763
2048,256,32,1024,23.934
2048,256,32,2048,25.187
2048,256,64,0,13.861
2048,256,64,64,31.639
2048,256,64,128,33.837
2048,256,64,256,33.85
2048,256,64,512,33.851
2048,256,64,1024,33.983
2048,256,64,2048,34.194
2048,256,128,0,13.851
2048,256,128,64,13.849
2048,256,128,128,52.607
2048,256,128,256,52.592
2048,256,128,512,52.533
2048,256,128,1024,52.552
2048,256,128,2048,52.844
2048,256,256,0,13.935
2048,256,256,64,13.93
2048,256,256,128,13.946
2048,256,256,256,88.834
2048,256,256,512,89.933
2048,256,256,1024,90.114
2048,256,256,2048,90.275
2048,512,0,0,18.249
2048,512,0,64,18.249
2048,512,0,128,18.249
2048,512,0,256,18.249
2048,512,0,512,18.249
2048,512,0,1024,18.249
2048,512,0,2048,18.249
2048,512,1,0,23.693
2048,512,1,64,23.712
2048,512,1,128,25.267
2048,512,1,256,28.608
2048,512,1,512,35.516
2048,512,1,1024,49.194
2048,512,1,2048,75.961
2048,512,2,0,23.509
2048,512,2,64,23.528
2048,512,2,128,24.014
2048,512,2,256,26.085
2048,512,2,512,29.317
2048,512,2,1024,36.006
2048,512,2,2048,49.685
2048,512,4,0,23.56
2048,512,4,64,23.56
2048,512,4,128,23.564
2048,512,4,256,24.02
2048,512,4,512,26.061
2048,512,4,1024,29.337
2048,512,4,2048,36.18
2048,512,8,0,23.721
2048,512,8,64,23.721
2048,512,8,128,23.741
2048,512,8,256,23.774
2048,512,8,512,24.466
2048,512,8,1024,26.123
2048,512,8,2048,29.941
2048,512,16,0,25.351
2048,512,16,64,25.352
2048,512,16,128,25.382
2048,512,16,256,25.479
2048,512,16,512,25.61
2048,512,16,1024,26.03
2048,512,16,2048,29.538
2048,512,32,0,29.439
2048,512,32,64,30.67
2048,512,32,128,30.699
2048,512,32,256,30.756
2048,512,32,512,30.795
2048,512,32,1024,30.966
2048,512,32,2048,32.219
2048,512,64,0,20.893
2048,512,64,64,38.671
2048,512,64,128,40.869
2048,512,64,256,40.882
2048,512,64,512,40.883
2048,512,64,1024,41.015
2048,512,64,2048,41.226
2048,512,128,0,20.883
2048,512,128,64,20.881
2048,512,128,128,59.639
2048,512,128,256,59.624
2048,512,128,512,59.565
2048,512,128,1024,59.584
2048,512,128,2048,59.876
2048,512,256,0,20.967
2048,512,256,64,20.962
2048,512,256,128,20.978
2048,512,256,256,95.866
2048,512,256,512,96.965
2048,512,256,1024,97.146
2048,512,256,2048,97.307
2048,1024,0,0,32.389
2048,1024,0,64,32.389
2048,1024,0,128,32.389
2048,1024,0,256,32.389
2048,1024,0,512,32.389
2048,1024,0,1024,32.389
2048,1024,0,2048,32.389
2048,1024,1,0,37.833
2048,1024,1,64,37.852
2048,1024,1,128,39.407
2048,1024,1,256,42.748
2048,1024,1,512,49.656
2048,1024,1,1024,63.334
2048,1024,1,2048,90.101
2048,1024,2,0,37.649
2048,1024,2,64,37.668
2048,1024,2,128,38.154
2048,1024,2,256,40.225
2048,1024,2,512,43.457
2048,1024,2,1024,50.146
2048,1024,2,2048,63.825
2048,1024,4,0,37.7
2048,1024,4,64,37.7
2048,1024,4,128,37.704
2048,1024,4,256,38.16
2048,1024,4,512,40.201
2048,1024,4,1024,43.477
2048,1024,4,2048,50.32
2048,1024,8,0,37.861
2048,1024,8,64,37.861
2048,1024,8,128,37.881
2048,1024,8,256,37.914
2048,1024,8,512,38.606
2048,1024,8,1024,40.263
2048,1024,8,2048,44.081
2048,1024,16,0,39.491
2048,1024,16,64,39.492
2048,1024,16,128,39.522
2048,1024,16,256,39.619
2048,1024,16,512,39.75
2048,1024,16,1024,40.17
2048,1024,16,2048,43.678
2048,1024,32,0,43.579
2048,1024,32,64,44.81
2048,1024,32,128,44.839
2048,1024,32,256,44.896
2048,1024,32,512,44.935
2048,1024,32,1024,45.106
2048,1024,32,2048,46.359
2048,1024,64,0,35.033
2048,1024,64,64,52.811
2048,1024,64,128,55.009
2048,1024,64,256,55.022
2048,1024,64,512,55.023
2048,1024,64,1024,55.155
2048,1024,64,2048,55.366
2048,1024,128,0,35.023
2048,1024,128,64,35.021
2048,1024,128,128,73.779
2048,1024,128,256,73.764
2048,1024,128,512,73.705
2048,1024,128,1024,73.724
2048,1024,128,2048,74.016
2048,1024,256,0,35.107
2048,1024,256,64,35.102
2048,1024,256,128,35.118
2048,1024,256,256,110.006
2048,1024,256,512,111.105
2048,1024,256,1024,111.286
2048,1024,256,2048,111.447
2048,2048,0,0,57.502
2048,2048,0,64,57.502
2048,2048,0,128,57.502
2048,2048,0,256,57.502
2048,2048,0,512,57.502
2048,2048,0,1024,57.502
2048,2048,0,2048,57.502
2048,2048,1,0,62.946
2048,2048,1,64,62.965
2048,2048,1,128,64.52
2048,2048,1,256,67.861
2048,2048,1,512,74.769
2048,2048,1,1024,88.447
2048,2048,1,2048,115.214
2048,2048,2,0,62.762
2048,2048,2,64,62.781
2048,2048,2,128,63.267
2048,2048,2,256,65.338
2048,2048,2,512,68.57
2048,2048,2,1024,75.259
2048,2048,2,2048,88.938
2048,2048,4,0,62.813
2048,2048,4,64,62.813
2048,2048,4,128,62.817
2048,2048,4,256,63.273
2048,2048,4,512,65.314
2048,2048,4,1024,68.59
2048,2048,4,2048,75.433
2048,2048,8,0,62.974
2048,2048,8,64,62.974
2048,2048,8,128,62.994
2048,2048,8,256,63.027
2048,2048,8,512,63.719
2048,2048,8,1024,65.376
2048,2048,8,2048,69.194
2048,2048,16,0,64.604
2048,2048,16,64,64.605
2048,2048,16,128,64.635
2048,2048,16,256,64.732
2048,2048,16,512,64.863
2048,2048,16,1024,65.283
2048,2048,16,2048,68.791
2048,2048,32,0,68.692
2048,2048,32,64,69.923
2048,2048,32,128,69.952
2048,2048,32,256,70.009
2048,2048,32,512,70.048
2048,2048,32,1024,70.219
2048,2048,32,2048,71.472
2048,2048,64,0,60.146
2048,2048,64,64,77.924
2048,2048,64,128,80.122
2048,2048,64,256,80.135
2048,2048,64,512,80.136
2048,2048,64,1024,80.268
2048,2048,64,2048,80.479
2048,2048,128,0,60.136
2048,2048,128,64,60.134
2048,2048,128,128,98.892
2048,2048,128,256,98.877
2048,2048,128,512,98.818
2048,2048,128,1024,98.837
2048,2048,128,2048,99.129
2048,2048,256,0,60.22
2048,2048,256,64,60.215
2048,2048,256,128,60.231
2048,2048,256,256,135.119
2048,2048,256,512,136.218
2048,2048,256,1024,136.399
2048,2048,256,2048,136.56
