sim_time_ns,instance_id,policy,event_type,reason,npu_used_bytes,npu_kv_bytes,kv_capacity_bytes,cpu_used_bytes,cxl_used_bytes,reserve_bytes,forecast_bytes,pressure,kv_pressure,trigger,target,active_decode_requests,resident_decode_requests,request_id,request_input_tokens,request_generated_tokens,raw_bytes,stored_bytes,storage_tier,score,utility,selected_requests,deferred_requests
47835728846,0,oracle_reserve_lru,trigger,forecast_above_trigger,29473906688,13413384192,13825684236,0,0,494927872,29968834560,1.0027647479233799,1.005976400631576,1.0,0.98,241,241,-1,0,0,0,0,,0.0,0.0,241,0
47835728846,0,oracle_reserve_lru,spill,proactive_target_headroom,29293551616,13233029120,13825684236,180355072,0,494927872,29788479488,0.9967300218165405,0.9929314714315887,1.0,0.98,241,240,40,1372,582,180355072,180355072,CPU,47835728846.0,0.0,0,0
47835728846,0,oracle_reserve_lru,spill,proactive_target_headroom,29213859840,13153337344,13825684236,260046848,0,492830720,29706690560,0.9939933436983226,0.9870157477246178,1.0,0.98,241,239,41,595,574,79691776,79691776,CPU,47835728846.0,0.0,0,0
47835728846,0,oracle_reserve_lru,spill,proactive_target_headroom,29121585152,13061062656,13825684236,352321536,0,492830720,29614415872,0.9909058094111025,0.9803415979013684,1.0,0.98,241,238,48,691,560,92274688,92274688,CPU,47835728846.0,0.0,0,0
47835728846,0,oracle_reserve_lru,spill,proactive_target_headroom,29041893376,12981370880,13825684236,432013312,0,490733568,29532626944,0.9881691312928846,0.9744258741943974,1.0,0.98,241,237,61,603,534,79691776,79691776,CPU,47835728846.0,0.0,0,0
48010826876,0,oracle_reserve_lru,admission,value_ranked_working_set,28884606976,12824084480,13825684236,432013312,0,490733568,29375340544,0.9829062887578502,0.9630494824502225,1.0,0.98,240,236,-1,0,0,0,0,,0.0,0.0,1,3
48010826876,0,oracle_reserve_lru,reload,value_ranked_admission,29092225024,13031702528,13825684236,251658240,0,0,29092225024,0.9734331721947884,0.9425719773107076,1.0,0.98,3,0,40,1372,582,180355072,180355072,CPU,0.0,0.0,0,0
48221132060,0,oracle_reserve_lru,admission,value_ranked_working_set,28930744320,12870221824,13825684236,251658240,0,486539264,29417283584,0.9843097134338594,0.9660831869153358,1.0,0.98,238,235,-1,0,0,0,0,,0.0,0.0,2,1
48221132060,0,oracle_reserve_lru,reload,value_ranked_admission,29142556672,13082034176,13825684236,79691776,0,0,29142556672,0.9751172818059994,0.9462124226688436,1.0,0.98,1,0,41,595,574,79691776,79691776,CPU,0.0,0.0,0,0
48221132060,0,oracle_reserve_lru,reload,value_ranked_admission,29142556672,13082034176,13825684236,79691776,0,0,29142556672,0.9751172818059994,0.9462124226688436,1.0,0.98,1,0,48,691,560,92274688,92274688,CPU,0.0,0.0,0,0
49177406920,0,oracle_reserve_lru,trigger,forecast_above_trigger,29410992128,13350469632,13825684236,79691776,0,492830720,29903822848,1.0005894396755657,1.0012741587106504,1.0,0.98,242,241,-1,0,0,0,0,,0.0,0.0,242,0
49177406920,0,oracle_reserve_lru,spill,proactive_target_headroom,29243219968,13182697472,13825684236,247463936,0,490733568,29733953536,0.9949055697377286,0.9889876556269414,1.0,0.98,242,240,65,1276,543,167772160,167772160,CPU,49177406920.0,0.0,0,0
49177406920,0,oracle_reserve_lru,spill,proactive_target_headroom,29174013952,13113491456,13825684236,316669952,0,488636416,29662650368,0.992519747788513,0.9838303580362487,1.0,0.98,242,239,83,514,503,69206016,69206016,CPU,49177406920.0,0.0,0,0
49177406920,0,oracle_reserve_lru,spill,proactive_target_headroom,29079642112,13019119616,13825684236,411041792,0,486539264,29566181376,0.989291871033692,0.9768528377664881,1.0,0.98,242,238,91,709,482,94371840,94371840,CPU,49177406920.0,0.0,0,0
49930074721,0,oracle_reserve_lru,admission,value_ranked_working_set,29012533248,12952010752,13825684236,411041792,0,473956352,29486489600,0.9866253641492745,0.9710887992827728,1.0,0.98,236,232,-1,0,0,0,0,,0.0,0.0,1,3
49930074721,0,oracle_reserve_lru,reload,value_ranked_admission,29102710784,13042188288,13825684236,341835776,0,0,29102710784,0.9737840283637906,0.9433304034269859,1.0,0.98,3,0,83,514,503,69206016,69206016,CPU,0.0,0.0,0,0
50300893066,0,oracle_reserve_lru,admission,value_ranked_working_set,28941230080,12880707584,13825684236,341835776,0,473956352,29415186432,0.9842395422000589,0.9659315016920802,1.0,0.98,233,230,-1,0,0,0,0,,0.0,0.0,1,2
50300893066,0,oracle_reserve_lru,reload,value_ranked_admission,29306134528,13245612032,13825684236,174063616,0,0,29306134528,0.9805906380424352,0.9580438700827856,1.0,0.98,2,0,65,1276,543,167772160,167772160,CPU,0.0,0.0,0,0
50579410997,0,oracle_reserve_lru,admission,value_ranked_working_set,29002047488,12941524992,13825684236,174063616,0,478150656,29480198144,0.9864148504478731,0.9706337436130058,1.0,0.98,233,231,-1,0,0,0,0,,0.0,0.0,1,1
50579410997,0,oracle_reserve_lru,reload,value_ranked_admission,29335494656,13274972160,13825684236,79691776,0,0,29335494656,0.9815730353156416,0.9601674632083649,1.0,0.98,1,0,91,709,482,94371840,94371840,CPU,0.0,0.0,0,0
51069086604,0,oracle_reserve_lru,trigger,forecast_above_trigger,29419380736,13358858240,13825684236,79691776,0,488636416,29908017152,1.0007297821431667,1.0015775291571616,1.0,0.98,239,238,-1,0,0,0,0,,0.0,0.0,239,0
51069086604,0,oracle_reserve_lru,spill,proactive_target_headroom,29345980416,13285457920,13825684236,153092096,0,486539264,29832519680,0.9982036177263501,0.9961168611199577,1.0,0.98,239,237,113,548,479,73400320,73400320,CPU,51069086604.0,0.0,0,0
51069086604,0,oracle_reserve_lru,spill,proactive_target_headroom,29169819648,13109297152,13825684236,329252864,0,484442112,29654261760,0.9922390628533112,0.983223617143226,1.0,0.98,239,236,130,1330,445,176160768,176160768,CPU,51069086604.0,0.0,0,0
51069086604,0,oracle_reserve_lru,spill,proactive_target_headroom,29111099392,13050576896,13825684236,387973120,0,482344960,29593444352,0.9902040970730979,0.9788247456688117,1.0,0.98,239,235,149,434,412,58720256,58720256,CPU,51069086604.0,0.0,0,0
51424336959,0,oracle_reserve_lru,trigger,forecast_above_trigger,29404700672,13344178176,13825684236,387973120,0,484442112,29889142784,1.0000982410389625,1.0002123621478607,1.0,0.98,242,238,-1,0,0,0,0,,0.0,0.0,242,0
51424336959,0,oracle_reserve_lru,spill,proactive_target_headroom,29345980416,13285457920,13825684236,446693376,0,482344960,29828325376,0.9980632752587493,0.9958134906734464,1.0,0.98,242,237,153,439,416,58720256,58720256,CPU,51424336959.0,0.0,0,0
51424336959,0,oracle_reserve_lru,spill,proactive_target_headroom,29289357312,13228834816,13825684236,503316480,0,480247808,29769605120,0.9960984807123364,0.9915663044222877,1.0,0.98,242,236,155,431,416,56623104,56623104,CPU,51424336959.0,0.0,0,0
51424336959,0,oracle_reserve_lru,spill,proactive_target_headroom,29224345600,13163823104,13825684236,568328192,0,478150656,29702496256,0.9938530012307217,0.9867123772781063,1.0,0.98,242,235,157,488,415,65011712,65011712,CPU,51424336959.0,0.0,0,0
51424336959,0,oracle_reserve_lru,spill,proactive_target_headroom,29136265216,13075742720,13825684236,656408576,0,478150656,29614415872,0.9909058094111025,0.9803415979013684,1.0,0.98,242,234,163,665,396,88080384,88080384,CPU,51424336959.0,0.0,0,0
51424336959,0,oracle_reserve_lru,spill,proactive_target_headroom,28962201600,12901679104,13825684236,830472192,0,476053504,29438255104,0.985011425771864,0.9676000391478925,1.0,0.98,242,233,169,1319,390,174063616,174063616,CPU,51424336959.0,0.0,0,0
51424336959,0,oracle_reserve_lru,admission,value_ranked_working_set,28962201600,12901679104,13825684236,830472192,0,476053504,29438255104,0.985011425771864,0.9676000391478925,1.0,0.98,242,233,-1,0,0,0,0,,0.0,0.0,2,7
51424336959,0,oracle_reserve_lru,reload,value_ranked_admission,29111099392,13050576896,13825684236,715128832,0,0,29111099392,0.9740647132989925,0.9439371443200086,1.0,0.98,7,0,153,439,416,58720256,58720256,CPU,0.0,0.0,0,0
51424336959,0,oracle_reserve_lru,reload,value_ranked_admission,29111099392,13050576896,13825684236,715128832,0,0,29111099392,0.9740647132989925,0.9439371443200086,1.0,0.98,7,0,155,431,416,56623104,56623104,CPU,0.0,0.0,0,0
52538773021,0,oracle_reserve_lru,trigger,forecast_above_trigger,29421477888,13360955392,13825684236,715128832,0,505413632,29926891520,1.0013613232473708,1.0029426961664627,1.0,0.98,251,244,-1,0,0,0,0,,0.0,0.0,251,0
52538773021,0,oracle_reserve_lru,spill,proactive_target_headroom,29306134528,13245612032,13825684236,830472192,0,503316480,29809451008,0.9974317341545451,0.9944483236641454,1.0,0.98,251,243,172,874,393,115343360,115343360,CPU,52538773021.0,0.0,0,0
52538773021,0,oracle_reserve_lru,spill,proactive_target_headroom,29096419328,13035896832,13825684236,1040187392,0,503316480,29599735808,0.9904146107744993,0.9792798013385787,1.0,0.98,251,242,173,1586,393,209715200,209715200,CPU,52538773021.0,0.0,0,0
53380741418,0,oracle_reserve_lru,trigger,forecast_above_trigger,29415186432,13354663936,13825684236,1040187392,0,505413632,29920600064,1.0011508095459694,1.0024876404966956,1.0,0.98,252,243,-1,0,0,0,0,,0.0,0.0,252,0
53380741418,0,oracle_reserve_lru,spill,proactive_target_headroom,29358563328,13298040832,13825684236,1096810496,0,503316480,29861879808,0.9991860149995565,0.998240454245537,1.0,0.98,252,242,177,428,400,56623104,56623104,CPU,53380741418.0,0.0,0,0
53380741418,0,oracle_reserve_lru,spill,proactive_target_headroom,29218054144,13157531648,13825684236,1237319680,0,501219328,29719273472,0.9944143711011254,0.9879258590641518,1.0,0.98,252,241,178,1068,400,140509184,140509184,CPU,53380741418.0,0.0,0,0
53380741418,0,oracle_reserve_lru,spill,proactive_target_headroom,29161431040,13100908544,13825684236,1293942784,0,499122176,29660553216,0.9924495765547126,0.983678672812993,1.0,0.98,252,240,180,424,399,56623104,56623104,CPU,53380741418.0,0.0,0,0
53380741418,0,oracle_reserve_lru,spill,proactive_target_headroom,29102710784,13042188288,13825684236,1352663040,0,497025024,29599735808,0.9904146107744993,0.9792798013385787,1.0,0.98,252,239,184,439,395,58720256,58720256,CPU,53380741418.0,0.0,0,0
54156974117,0,oracle_reserve_lru,trigger,forecast_above_trigger,29463420928,13402898432,13825684236,1352663040,0,499122176,29962543104,1.0025542342219786,1.005521344961809,1.0,0.98,255,242,-1,0,0,0,0,,0.0,0.0,255,0
54156974117,0,oracle_reserve_lru,spill,proactive_target_headroom,29362757632,13302235136,13825684236,1453326336,0,497025024,29859782656,0.9991158437657561,0.9980887690222813,1.0,0.98,255,241,186,767,405,100663296,100663296,CPU,54156974117.0,0.0,0,0
54156974117,0,oracle_reserve_lru,spill,proactive_target_headroom,29276774400,13216251904,13825684236,1539309568,0,494927872,29771702272,0.9961686519461368,0.9917179896455434,1.0,0.98,255,240,187,644,405,85983232,85983232,CPU,54156974117.0,0.0,0,0
54156974117,0,oracle_reserve_lru,spill,proactive_target_headroom,29192888320,13132365824,13825684236,1623195648,0,492830720,29685719040,0.9932916313603181,0.985498895492061,1.0,0.98,255,239,188,634,404,83886080,83886080,CPU,54156974117.0,0.0,0,0
54156974117,0,oracle_reserve_lru,spill,proactive_target_headroom,29073350656,13012828160,13825684236,1742733312,0,490733568,29564084224,0.9892216997998915,0.9767011525432324,1.0,0.98,255,238,198,908,389,119537664,119537664,CPU,54156974117.0,0.0,0,0
54389302786,0,oracle_reserve_lru,admission,value_ranked_working_set,28934938624,12874416128,13825684236,1742733312,0,497025024,29431963648,0.9848009120704626,0.9671449834781255,1.0,0.98,256,239,-1,0,0,0,0,,0.0,0.0,2,15
54389302786,0,oracle_reserve_lru,reload,value_ranked_admission,29150945280,13090422784,13825684236,1585446912,0,0,29150945280,0.9753979667412013,0.9468191635618662,1.0,0.98,15,0,186,767,405,100663296,100663296,CPU,0.0,0.0,0,0
54389302786,0,oracle_reserve_lru,reload,value_ranked_admission,29150945280,13090422784,13825684236,1585446912,0,0,29150945280,0.9753979667412013,0.9468191635618662,1.0,0.98,15,0,177,428,400,56623104,56623104,CPU,0.0,0.0,0,0
54668702094,0,oracle_reserve_lru,trigger,forecast_above_trigger,29398409216,13337886720,13825684236,1585446912,0,499122176,29897531392,1.0003789259741644,1.0008191030408833,1.0,0.98,258,243,-1,0,0,0,0,,0.0,0.0,258,0
54668702094,0,oracle_reserve_lru,spill,proactive_target_headroom,29335494656,13274972160,13825684236,1648361472,0,497025024,29832519680,0.9982036177263501,0.9961168611199577,1.0,0.98,258,242,199,476,396,62914560,62914560,CPU,54668702094.0,0.0,0,0
54668702094,0,oracle_reserve_lru,spill,proactive_target_headroom,29276774400,13216251904,13825684236,1707081728,0,494927872,29771702272,0.9961686519461368,0.9917179896455434,1.0,0.98,258,241,203,441,391,58720256,58720256,CPU,54668702094.0,0.0,0,0
54668702094,0,oracle_reserve_lru,spill,proactive_target_headroom,29215956992,13155434496,13825684236,1767899136,0,492830720,29708787712,0.9940635149321231,0.9871674329478733,1.0,0.98,258,240,205,463,389,60817408,60817408,CPU,54668702094.0,0.0,0,0
54668702094,0,oracle_reserve_lru,spill,proactive_target_headroom,29039796224,12979273728,13825684236,1944059904,0,490733568,29530529792,0.9880989600590842,0.9742741889711418,1.0,0.98,258,239,210,1335,387,176160768,176160768,CPU,54668702094.0,0.0,0,0
54668702094,0,oracle_reserve_lru,admission,value_ranked_working_set,29039796224,12979273728,13825684236,1944059904,0,490733568,29530529792,0.9880989600590842,0.9742741889711418,1.0,0.98,258,239,-1,0,0,0,0,,0.0,0.0,1,18
54668702094,0,oracle_reserve_lru,reload,value_ranked_admission,29280968704,13220446208,13825684236,1881145344,0,0,29280968704,0.9797485832368297,0.9562236474037176,1.0,0.98,18,0,199,476,396,62914560,62914560,CPU,0.0,0.0,0,0
54946017575,0,oracle_reserve_lru,trigger,forecast_above_trigger,29408894976,13348372480,13825684236,1881145344,0,494927872,29903822848,1.0005894396755657,1.0012741587106504,1.0,0.98,260,242,-1,0,0,0,0,,0.0,0.0,260,0
54946017575,0,oracle_reserve_lru,spill,proactive_target_headroom,29333397504,13272875008,13825684236,1956642816,0,492830720,29826228224,0.9979931040249488,0.9956618054501907,1.0,0.98,260,241,212,571,391,75497472,75497472,CPU,54946017575.0,0.0,0,0
54946017575,0,oracle_reserve_lru,spill,proactive_target_headroom,29245317120,13184794624,13825684236,2044723200,0,490733568,29736050688,0.9949757409715291,0.9891393408501971,1.0,0.98,260,240,219,670,384,88080384,88080384,CPU,54946017575.0,0.0,0,0
54946017575,0,oracle_reserve_lru,spill,proactive_target_headroom,29167722496,13107200000,13825684236,2122317824,0,488636416,29656358912,0.9923092340871117,0.9833753023664817,1.0,0.98,260,239,220,581,383,77594624,77594624,CPU,54946017575.0,0.0,0,0
54946017575,0,oracle_reserve_lru,spill,proactive_target_headroom,29014630400,12954107904,13825684236,2275409920,0,486539264,29501169664,0.9871165627858778,0.9721505958455625,1.0,0.98,260,238,223,1153,382,153092096,153092096,CPU,54946017575.0,0.0,0,0
54946017575,0,oracle_reserve_lru,admission,value_ranked_working_set,29014630400,12954107904,13825684236,2275409920,0,486539264,29501169664,0.9871165627858778,0.9721505958455625,1.0,0.98,260,238,-1,0,0,0,0,,0.0,0.0,1,21
55015249096,0,oracle_reserve_lru,admission,value_ranked_working_set,28911869952,12851347456,13825684236,2275409920,0,482344960,29394214912,0.9835378298620544,0.9644146494595235,1.0,0.98,260,238,-1,0,0,0,0,,0.0,0.0,2,20
55015249096,0,oracle_reserve_lru,reload,value_ranked_admission,29239025664,13178503168,13825684236,2111832064,0,0,29239025664,0.9783451585608205,0.9531899429386043,1.0,0.98,20,0,212,571,391,75497472,75497472,CPU,0.0,0.0,0,0
55015249096,0,oracle_reserve_lru,reload,value_ranked_admission,29239025664,13178503168,13825684236,2111832064,0,0,29239025664,0.9783451585608205,0.9531899429386043,1.0,0.98,20,0,219,670,384,88080384,88080384,CPU,0.0,0.0,0,0
55530251677,0,oracle_reserve_lru,admission,value_ranked_working_set,28962201600,12901679104,13825684236,2111832064,0,482344960,29444546560,0.9852219394732654,0.9680550948176595,1.0,0.98,258,238,-1,0,0,0,0,,0.0,0.0,2,18
55530251677,0,oracle_reserve_lru,reload,value_ranked_admission,29134168064,13073645568,13825684236,1975517184,0,0,29134168064,0.9748365968707976,0.9456056817758209,1.0,0.98,18,0,220,581,383,77594624,77594624,CPU,0.0,0.0,0,0
55530251677,0,oracle_reserve_lru,reload,value_ranked_admission,29134168064,13073645568,13825684236,1975517184,0,0,29134168064,0.9748365968707976,0.9456056817758209,1.0,0.98,18,0,203,441,391,58720256,58720256,CPU,0.0,0.0,0,0
55737018259,0,oracle_reserve_lru,admission,value_ranked_working_set,29041893376,12981370880,13825684236,1975517184,0,480247808,29522141184,0.9878182751238823,0.9736674480781191,1.0,0.98,256,238,-1,0,0,0,0,,0.0,0.0,1,17
55737018259,0,oracle_reserve_lru,reload,value_ranked_admission,29136265216,13075742720,13825684236,1914699776,0,0,29136265216,0.974906768104598,0.9457573669990766,1.0,0.98,17,0,205,463,389,60817408,60817408,CPU,0.0,0.0,0,0
55951941286,0,oracle_reserve_lru,admission,value_ranked_working_set,29058670592,12998148096,13825684236,1914699776,0,482344960,29541015552,0.9884498162280865,0.9750326150874201,1.0,0.98,254,237,-1,0,0,0,0,,0.0,0.0,1,16
55951941286,0,oracle_reserve_lru,reload,value_ranked_admission,29148848128,13088325632,13825684236,1858076672,0,0,29148848128,0.9753277955074008,0.9466674783386106,1.0,0.98,16,0,180,424,399,56623104,56623104,CPU,0.0,0.0,0,0
57047852524,0,oracle_reserve_lru,admission,value_ranked_working_set,28993658880,12933136384,13825684236,1858076672,0,492830720,29486489600,0.9866253641492745,0.9710887992827728,1.0,0.98,256,240,-1,0,0,0,0,,0.0,0.0,1,15
57047852524,0,oracle_reserve_lru,reload,value_ranked_admission,29104807936,13044285440,13825684236,1772093440,0,0,29104807936,0.9738541995975911,0.9434820886502416,1.0,0.98,15,0,187,644,405,85983232,85983232,CPU,0.0,0.0,0,0
57862467678,0,oracle_reserve_lru,trigger,forecast_above_trigger,29423575040,13363052544,13825684236,1772093440,0,501219328,29924794368,1.0012911520135703,1.002791010943207,1.0,0.98,259,244,-1,0,0,0,0,,0.0,0.0,259,0
57862467678,0,oracle_reserve_lru,spill,proactive_target_headroom,29327106048,13266583552,13825684236,1868562432,0,499122176,29826228224,0.9979931040249488,0.9956618054501907,1.0,0.98,259,243,224,731,412,96468992,96468992,CPU,57862467678.0,0.0,0,0
57862467678,0,oracle_reserve_lru,spill,proactive_target_headroom,29262094336,13201571840,13825684236,1933574144,0,497025024,29759119360,0.9957476245433341,0.9908078783060094,1.0,0.98,259,242,227,483,408,65011712,65011712,CPU,57862467678.0,0.0,0,0
57862467678,0,oracle_reserve_lru,spill,proactive_target_headroom,29083836416,13023313920,13825684236,2111832064,0,494927872,29578764288,0.9897128984364947,0.9777629491060221,1.0,0.98,259,241,234,1351,401,178257920,178257920,CPU,57862467678.0,0.0,0,0
58112577682,0,oracle_reserve_lru,admission,value_ranked_working_set,29029310464,12968787968,13825684236,2111832064,0,494927872,29524238336,0.9878884463576828,0.9738191333013748,1.0,0.98,258,240,-1,0,0,0,0,,0.0,0.0,1,17
58112577682,0,oracle_reserve_lru,reload,value_ranked_admission,29125779456,13065256960,13825684236,2046820352,0,0,29125779456,0.9745559119355958,0.9449989408827982,1.0,0.98,17,0,227,483,408,65011712,65011712,CPU,0.0,0.0,0,0
58252941203,0,oracle_reserve_lru,admission,value_ranked_working_set,28744097792,12683575296,13825684236,2046820352,0,494927872,29239025664,0.9783451585608205,0.9531899429386043,1.0,0.98,255,238,-1,0,0,0,0,,0.0,0.0,3,14
58252941203,0,oracle_reserve_lru,reload,value_ranked_admission,29138362368,13077839872,13825684236,1688207360,0,0,29138362368,0.9749769393383985,0.9459090522223322,1.0,0.98,14,0,224,731,412,96468992,96468992,CPU,0.0,0.0,0,0
58252941203,0,oracle_reserve_lru,reload,value_ranked_admission,29138362368,13077839872,13825684236,1688207360,0,0,29138362368,0.9749769393383985,0.9459090522223322,1.0,0.98,14,0,234,1351,401,178257920,178257920,CPU,0.0,0.0,0,0
58252941203,0,oracle_reserve_lru,reload,value_ranked_admission,29138362368,13077839872,13825684236,1688207360,0,0,29138362368,0.9749769393383985,0.9459090522223322,1.0,0.98,14,0,188,634,404,83886080,83886080,CPU,0.0,0.0,0,0
59071743320,0,oracle_reserve_lru,trigger,forecast_above_trigger,29396312064,13335789568,13825684236,1688207360,0,494927872,29891239936,1.000168412272763,1.0003640473711164,1.0,0.98,256,242,-1,0,0,0,0,,0.0,0.0,256,0
59071743320,0,oracle_reserve_lru,spill,proactive_target_headroom,29341786112,13281263616,13825684236,1742733312,0,492830720,29834616832,0.9982737889601506,0.9962685463432134,1.0,0.98,256,241,244,414,398,54525952,54525952,CPU,59071743320.0,0.0,0,0
59071743320,0,oracle_reserve_lru,spill,proactive_target_headroom,29283065856,13222543360,13825684236,1801453568,0,490733568,29773799424,0.9962388231799373,0.9918696748687991,1.0,0.98,256,240,245,446,398,58720256,58720256,CPU,59071743320.0,0.0,0,0
59071743320,0,oracle_reserve_lru,spill,proactive_target_headroom,29190791168,13130268672,13825684236,1893728256,0,488636416,29679427584,0.9930811176589167,0.985043839822294,1.0,0.98,256,239,249,692,392,92274688,92274688,CPU,59071743320.0,0.0,0,0
59071743320,0,oracle_reserve_lru,spill,proactive_target_headroom,29138362368,13077839872,13825684236,1946157056,0,486539264,29624901632,0.9912566655801047,0.9811000240176467,1.0,0.98,256,238,254,400,389,52428800,52428800,CPU,59071743320.0,0.0,0,0
59071743320,0,oracle_reserve_lru,spill,proactive_target_headroom,29071253504,13010731008,13825684236,2013265920,0,484442112,29555695616,0.9889410148646897,0.9760944116502098,1.0,0.98,256,237,255,502,389,67108864,67108864,CPU,59071743320.0,0.0,0,0
60422460726,0,oracle_reserve_lru,trigger,forecast_above_trigger,29387923456,13327400960,13825684236,2013265920,0,507510784,29895434240,1.000308754740364,1.0006674178176276,1.0,0.98,266,247,-1,0,0,0,0,,0.0,0.0,266,0
60422460726,0,oracle_reserve_lru,spill,proactive_target_headroom,29224345600,13163823104,13825684236,2176843776,0,505413632,29729759232,0.9947652272701277,0.9886842851804301,1.0,0.98,266,246,257,1240,397,163577856,163577856,CPU,60422460726.0,0.0,0,0
60422460726,0,oracle_reserve_lru,spill,proactive_target_headroom,29169819648,13109297152,13825684236,2231369728,0,503316480,29673136128,0.9928706039575154,0.984588784152527,1.0,0.98,266,245,267,408,392,54525952,54525952,CPU,60422460726.0,0.0,0,0
60422460726,0,oracle_reserve_lru,spill,proactive_target_headroom,29052379136,12991856640,13825684236,2348810240,0,501219328,29553598464,0.9888708436308892,0.9759427264269541,1.0,0.98,266,244,270,888,388,117440512,117440512,CPU,60422460726.0,0.0,0,0
60422460726,0,oracle_reserve_lru,admission,value_ranked_working_set,29052379136,12991856640,13825684236,2348810240,0,501219328,29553598464,0.9888708436308892,0.9759427264269541,1.0,0.98,266,244,-1,0,0,0,0,,0.0,0.0,1,21
60422460726,0,oracle_reserve_lru,reload,value_ranked_admission,29224345600,13163823104,13825684236,2296381440,0,0,29224345600,0.9778539599242173,0.9521281463758146,1.0,0.98,21,0,254,400,389,52428800,52428800,CPU,0.0,0.0,0,0
60806263284,0,oracle_reserve_lru,trigger,forecast_above_trigger,29408894976,13348372480,13825684236,2296381440,0,513802240,29922697216,1.0012209807797698,1.0026393257199513,1.0,0.98,270,249,-1,0,0,0,0,,0.0,0.0,270,0
60806263284,0,oracle_reserve_lru,spill,proactive_target_headroom,29345980416,13285457920,13825684236,2359296000,0,511705088,29857685504,0.9990456725319556,0.9979370837990257,1.0,0.98,270,248,280,480,366,62914560,62914560,CPU,60806263284.0,0.0,0,0
60806263284,0,oracle_reserve_lru,spill,proactive_target_headroom,29236928512,13176406016,13825684236,2468347904,0,509607936,29746536448,0.9953265971405314,0.9898977669664754,1.0,0.98,270,247,281,823,366,109051904,109051904,CPU,60806263284.0,0.0,0,0
60806263284,0,oracle_reserve_lru,spill,proactive_target_headroom,29186596864,13126074368,13825684236,2518679552,0,507510784,29694107648,0.9935723162955199,0.9861056363850838,1.0,0.98,270,246,283,374,365,50331648,50331648,CPU,60806263284.0,0.0,0,0
60806263284,0,oracle_reserve_lru,spill,proactive_target_headroom,29121585152,13061062656,13825684236,2583691264,0,505413632,29626998784,0.9913268368139052,0.9812517092409024,1.0,0.98,270,245,287,481,362,65011712,65011712,CPU,60806263284.0,0.0,0,0
60806263284,0,oracle_reserve_lru,spill,proactive_target_headroom,28970590208,12910067712,13825684236,2734686208,0,503316480,29473906688,0.9862043367464718,0.9701786879432388,1.0,0.98,270,244,290,1145,361,150994944,150994944,CPU,60806263284.0,0.0,0,0
60806263284,0,oracle_reserve_lru,admission,value_ranked_working_set,28970590208,12910067712,13825684236,2734686208,0,503316480,29473906688,0.9862043367464718,0.9701786879432388,1.0,0.98,270,244,-1,0,0,0,0,,0.0,0.0,2,24
60806263284,0,oracle_reserve_lru,reload,value_ranked_admission,29117390848,13056868352,13825684236,2621440000,0,0,29117390848,0.9742752270003939,0.9443921999897756,1.0,0.98,24,0,280,480,366,62914560,62914560,CPU,0.0,0.0,0,0
60806263284,0,oracle_reserve_lru,reload,value_ranked_admission,29117390848,13056868352,13825684236,2621440000,0,0,29117390848,0.9742752270003939,0.9443921999897756,1.0,0.98,24,0,283,374,365,50331648,50331648,CPU,0.0,0.0,0,0
62002887047,0,oracle_reserve_lru,trigger,forecast_above_trigger,29379534848,13319012352,13825684236,2621440000,0,524288000,29903822848,1.0005894396755657,1.0012741587106504,1.0,0.98,279,255,-1,0,0,0,0,,0.0,0.0,279,0
62002887047,0,oracle_reserve_lru,spill,proactive_target_headroom,29329203200,13268680704,13825684236,2671771648,0,522190848,29851394048,0.9988351588305543,0.9974820281292587,1.0,0.98,279,254,293,383,366,50331648,50331648,CPU,62002887047.0,0.0,0,0
62002887047,0,oracle_reserve_lru,spill,proactive_target_headroom,29272580096,13212057600,13825684236,2728394752,0,520093696,29792673792,0.9968703642841414,0.9932348418781,1.0,0.98,279,253,294,422,366,56623104,56623104,CPU,62002887047.0,0.0,0,0
62002887047,0,oracle_reserve_lru,spill,proactive_target_headroom,29165625344,13105102848,13825684236,2835349504,0,517996544,29683621888,0.9932214601265176,0.9853472102688053,1.0,0.98,279,252,301,801,365,106954752,106954752,CPU,62002887047.0,0.0,0,0
62002887047,0,oracle_reserve_lru,spill,proactive_target_headroom,29115293696,13054771200,13825684236,2885681152,0,515899392,29631193088,0.9914671792815062,0.9815550796874137,1.0,0.98,279,251,303,373,363,50331648,50331648,CPU,62002887047.0,0.0,0,0
62002887047,0,oracle_reserve_lru,spill,proactive_target_headroom,29056573440,12996050944,13825684236,2944401408,0,513802240,29570375680,0.9894322135012928,0.9771562082129994,1.0,0.98,279,250,309,445,358,58720256,58720256,CPU,62002887047.0,0.0,0,0
63262882209,0,oracle_reserve_lru,trigger,forecast_above_trigger,29364854784,13304332288,13825684236,2944401408,0,541065216,29905920000,1.0006596109093662,1.0014258439339059,1.0,0.98,294,265,-1,0,0,0,0,,0.0,0.0,294,0
63262882209,0,oracle_reserve_lru,spill,proactive_target_headroom,29280968704,13220446208,13825684236,3028287488,0,538968064,29819936768,0.9977825903235474,0.9952067497804237,1.0,0.98,294,264,312,637,364,83886080,83886080,CPU,63262882209.0,0.0,0,0
63262882209,0,oracle_reserve_lru,spill,proactive_target_headroom,29232734208,13172211712,13825684236,3076521984,0,536870912,29769605120,0.9960984807123364,0.9915663044222877,1.0,0.98,294,263,320,358,348,48234496,48234496,CPU,63262882209.0,0.0,0,0
63262882209,0,oracle_reserve_lru,spill,proactive_target_headroom,29186596864,13126074368,13825684236,3122659328,0,534773760,29721370624,0.9944845423349259,0.9880775442874073,1.0,0.98,294,262,324,343,342,46137344,46137344,CPU,63262882209.0,0.0,0,0
63262882209,0,oracle_reserve_lru,spill,proactive_target_headroom,29023019008,12962496512,13825684236,3286237184,0,532676608,29555695616,0.9889410148646897,0.9760944116502098,1.0,0.98,294,261,329,1245,337,163577856,163577856,CPU,63262882209.0,0.0,0,0
63262882209,0,oracle_reserve_lru,admission,value_ranked_working_set,29023019008,12962496512,13825684236,3286237184,0,532676608,29555695616,0.9889410148646897,0.9760944116502098,1.0,0.98,294,261,-1,0,0,0,0,,0.0,0.0,1,32
63262882209,0,oracle_reserve_lru,reload,value_ranked_admission,29230637056,13170114560,13825684236,3238002688,0,0,29230637056,0.9780644736256187,0.9525832020455816,1.0,0.98,32,0,320,358,348,48234496,48234496,CPU,0.0,0.0,0,0
63905979263,0,oracle_reserve_lru,trigger,forecast_above_trigger,29465518080,13404995584,13825684236,3238002688,0,526385152,29991903232,1.003536631495185,1.0076449380873882,1.0,0.98,294,262,-1,0,0,0,0,,0.0,0.0,294,0
63905979263,0,oracle_reserve_lru,spill,proactive_target_headroom,29415186432,13354663936,13825684236,3288334336,0,524288000,29939474432,1.0017823506501735,1.0038528075059967,1.0,0.98,294,261,333,371,333,50331648,50331648,CPU,63905979263.0,0.0,0,0
63905979263,0,oracle_reserve_lru,spill,proactive_target_headroom,29362757632,13302235136,13825684236,3340763136,0,522190848,29884948480,0.9999578985713616,0.9999089917013493,1.0,0.98,294,260,334,397,333,52428800,52428800,CPU,63905979263.0,0.0,0,0
63905979263,0,oracle_reserve_lru,spill,proactive_target_headroom,29314523136,13254000640,13825684236,3388997632,0,520093696,29834616832,0.9982737889601506,0.9962685463432134,1.0,0.98,294,259,335,355,332,48234496,48234496,CPU,63905979263.0,0.0,0,0
63905979263,0,oracle_reserve_lru,spill,proactive_target_headroom,29264191488,13203668992,13825684236,3439329280,0,517996544,29782188032,0.9965195081151391,0.9924764157618217,1.0,0.98,294,258,341,380,327,50331648,50331648,CPU,63905979263.0,0.0,0,0
63905979263,0,oracle_reserve_lru,spill,proactive_target_headroom,29136265216,13075742720,13825684236,3567255552,0,515899392,29652164608,0.9921688916195107,0.9830719319199704,1.0,0.98,294,257,342,964,326,127926272,127926272,CPU,63905979263.0,0.0,0,0
63905979263,0,oracle_reserve_lru,spill,proactive_target_headroom,29081739264,13021216768,13825684236,3621781504,0,513802240,29595541504,0.9902742683068984,0.9789764308920674,1.0,0.98,294,256,343,402,324,54525952,54525952,CPU,63905979263.0,0.0,0,0
65840364508,0,oracle_reserve_lru,admission,value_ranked_working_set,29041893376,12981370880,13825684236,3621781504,0,509607936,29551501312,0.9888006723970887,0.9757910412036984,1.0,0.98,286,248,-1,0,0,0,0,,0.0,0.0,1,37
65840364508,0,oracle_reserve_lru,reload,value_ranked_admission,29148848128,13088325632,13825684236,3571449856,0,0,29148848128,0.9753277955074008,0.9466674783386106,1.0,0.98,37,0,333,371,333,50331648,50331648,CPU,0.0,0.0,0,0
66124989973,0,oracle_reserve_lru,trigger,forecast_above_trigger,29520044032,13459521536,13825684236,3571449856,0,513802240,30033846272,1.004940056171194,1.0106786425525016,1.0,0.98,289,252,-1,0,0,0,0,,0.0,0.0,289,0
66124989973,0,oracle_reserve_lru,spill,proactive_target_headroom,29461323776,13400801280,13825684236,3630170112,0,511705088,29973028864,1.0029050903909809,1.0062797710780873,1.0,0.98,289,251,346,447,349,58720256,58720256,CPU,66124989973.0,0.0,0,0
66124989973,0,oracle_reserve_lru,spill,proactive_target_headroom,29308231680,13247709184,13825684236,3783262208,0,509607936,29817839616,0.997712419089747,0.995055064557168,1.0,0.98,289,250,349,1167,345,153092096,153092096,CPU,66124989973.0,0.0,0,0
66124989973,0,oracle_reserve_lru,spill,proactive_target_headroom,29259997184,13199474688,13825684236,3831496704,0,507510784,29767507968,0.9960283094785359,0.9914146191990321,1.0,0.98,289,249,351,363,343,48234496,48234496,CPU,66124989973.0,0.0,0,0
66124989973,0,oracle_reserve_lru,spill,proactive_target_headroom,29201276928,13140754432,13825684236,3890216960,0,505413632,29706690560,0.9939933436983226,0.9870157477246178,1.0,0.98,289,248,355,446,341,58720256,58720256,CPU,66124989973.0,0.0,0,0
66124989973,0,oracle_reserve_lru,spill,proactive_target_headroom,29008338944,12947816448,13825684236,4083154944,0,503316480,29511655424,0.98746741895488,0.9729090219618408,1.0,0.98,289,247,361,1458,331,192937984,192937984,CPU,66124989973.0,0.0,0,0
66124989973,0,oracle_reserve_lru,admission,value_ranked_working_set,29008338944,12947816448,13825684236,4083154944,0,503316480,29511655424,0.98746741895488,0.9729090219618408,1.0,0.98,289,247,-1,0,0,0,0,,0.0,0.0,1,41
66124989973,0,oracle_reserve_lru,reload,value_ranked_admission,29100613632,13040091136,13825684236,4024434688,0,0,29100613632,0.9737138571299903,0.9431787182037303,1.0,0.98,41,0,346,447,349,58720256,58720256,CPU,0.0,0.0,0,0
66265674239,0,oracle_reserve_lru,admission,value_ranked_working_set,28771360768,12710838272,13825684236,4024434688,0,505413632,29276774400,0.9796082407692287,0.9559202769572062,1.0,0.98,287,246,-1,0,0,0,0,,0.0,0.0,4,37
66265674239,0,oracle_reserve_lru,reload,value_ranked_admission,29111099392,13050576896,13825684236,3711959040,0,0,29111099392,0.9740647132989925,0.9439371443200086,1.0,0.98,37,0,349,1167,345,153092096,153092096,CPU,0.0,0.0,0,0
66265674239,0,oracle_reserve_lru,reload,value_ranked_admission,29111099392,13050576896,13825684236,3711959040,0,0,29111099392,0.9740647132989925,0.9439371443200086,1.0,0.98,37,0,351,363,343,48234496,48234496,CPU,0.0,0.0,0,0
66265674239,0,oracle_reserve_lru,reload,value_ranked_admission,29111099392,13050576896,13825684236,3711959040,0,0,29111099392,0.9740647132989925,0.9439371443200086,1.0,0.98,37,0,355,446,341,58720256,58720256,CPU,0.0,0.0,0,0
66265674239,0,oracle_reserve_lru,reload,value_ranked_admission,29111099392,13050576896,13825684236,3711959040,0,0,29111099392,0.9740647132989925,0.9439371443200086,1.0,0.98,37,0,334,397,333,52428800,52428800,CPU,0.0,0.0,0,0
66744651192,0,oracle_reserve_lru,trigger,forecast_above_trigger,29417283584,13356761088,13825684236,3711959040,0,509607936,29926891520,1.0013613232473708,1.0029426961664627,1.0,0.98,290,253,-1,0,0,0,0,,0.0,0.0,290,0
66744651192,0,oracle_reserve_lru,spill,proactive_target_headroom,29371146240,13310623744,13825684236,3758096384,0,507510784,29878657024,0.9997473848699602,0.9994539360315823,1.0,0.98,290,252,362,342,341,46137344,46137344,CPU,66744651192.0,0.0,0,0
66744651192,0,oracle_reserve_lru,spill,proactive_target_headroom,29289357312,13228834816,13825684236,3839885312,0,507510784,29796868096,0.9970107067517423,0.9935382123246114,1.0,0.98,290,251,365,609,339,81788928,81788928,CPU,66744651192.0,0.0,0,0
66744651192,0,oracle_reserve_lru,spill,proactive_target_headroom,29243219968,13182697472,13825684236,3886022656,0,505413632,29748633600,0.9953967683743318,0.9900494521897311,1.0,0.98,290,250,367,343,337,46137344,46137344,CPU,66744651192.0,0.0,0,0
66744651192,0,oracle_reserve_lru,spill,proactive_target_headroom,29186596864,13126074368,13825684236,3942645760,0,503316480,29689913344,0.9934319738279189,0.9858022659385723,1.0,0.98,290,249,369,423,336,56623104,56623104,CPU,66744651192.0,0.0,0,0
66744651192,0,oracle_reserve_lru,spill,proactive_target_headroom,29048184832,12987662336,13825684236,4081057792,0,501219328,29549404160,0.9887305011632883,0.9756393559804428,1.0,0.98,290,248,374,1042,334,138412032,138412032,CPU,66744651192.0,0.0,0,0
66744651192,0,oracle_reserve_lru,admission,value_ranked_working_set,29048184832,12987662336,13825684236,4081057792,0,501219328,29549404160,0.9887305011632883,0.9756393559804428,1.0,0.98,290,248,-1,0,0,0,0,,0.0,0.0,1,41
66744651192,0,oracle_reserve_lru,reload,value_ranked_admission,29127876608,13067354112,13825684236,4034920448,0,0,29127876608,0.9746260831693961,0.9451506261060539,1.0,0.98,41,0,362,342,341,46137344,46137344,CPU,0.0,0.0,0,0
66814311566,0,oracle_reserve_lru,admission,value_ranked_working_set,28962201600,12901679104,13825684236,4034920448,0,501219328,29463420928,0.9858534805774695,0.9694202618269605,1.0,0.98,287,246,-1,0,0,0,0,,0.0,0.0,2,39
66814311566,0,oracle_reserve_lru,reload,value_ranked_admission,29119488000,13058965504,13825684236,3906994176,0,0,29119488000,0.9743453982341943,0.9445438852130312,1.0,0.98,39,0,365,609,339,81788928,81788928,CPU,0.0,0.0,0,0
66814311566,0,oracle_reserve_lru,reload,value_ranked_admission,29119488000,13058965504,13825684236,3906994176,0,0,29119488000,0.9743453982341943,0.9445438852130312,1.0,0.98,39,0,367,343,337,46137344,46137344,CPU,0.0,0.0,0,0
66868271612,0,oracle_reserve_lru,admission,value_ranked_working_set,28930744320,12870221824,13825684236,3906994176,0,505413632,29436157952,0.9849412545380636,0.9674483539246368,1.0,0.98,285,246,-1,0,0,0,0,,0.0,0.0,3,36
66868271612,0,oracle_reserve_lru,reload,value_ranked_admission,29129973760,13069451264,13825684236,3751804928,0,0,29129973760,0.9746962544031966,0.9453023113293096,1.0,0.98,36,0,369,423,336,56623104,56623104,CPU,0.0,0.0,0,0
66868271612,0,oracle_reserve_lru,reload,value_ranked_admission,29129973760,13069451264,13825684236,3751804928,0,0,29129973760,0.9746962544031966,0.9453023113293096,1.0,0.98,36,0,335,355,332,48234496,48234496,CPU,0.0,0.0,0,0
66868271612,0,oracle_reserve_lru,reload,value_ranked_admission,29129973760,13069451264,13825684236,3751804928,0,0,29129973760,0.9746962544031966,0.9453023113293096,1.0,0.98,36,0,341,380,327,50331648,50331648,CPU,0.0,0.0,0,0
67457727134,0,oracle_reserve_lru,trigger,forecast_above_trigger,29419380736,13358858240,13825684236,3751804928,0,515899392,29935280128,1.0016420081825725,1.0035494370594853,1.0,0.98,285,249,-1,0,0,0,0,,0.0,0.0,285,0
67457727134,0,oracle_reserve_lru,spill,proactive_target_headroom,29228539904,13168017408,13825684236,3942645760,0,513802240,29742342144,0.9951862546729304,0.9895943965199641,1.0,0.98,285,248,376,1454,343,190840832,190840832,CPU,67457727134.0,0.0,0,0
67457727134,0,oracle_reserve_lru,spill,proactive_target_headroom,29043990528,12983468032,13825684236,4127195136,0,511705088,29555695616,0.9889410148646897,0.9760944116502098,1.0,0.98,285,247,378,1400,342,184549376,184549376,CPU,67457727134.0,0.0,0,0
67457727134,0,oracle_reserve_lru,admission,value_ranked_working_set,29043990528,12983468032,13825684236,4127195136,0,511705088,29555695616,0.9889410148646897,0.9760944116502098,1.0,0.98,285,247,-1,0,0,0,0,,0.0,0.0,1,37
67457727134,0,oracle_reserve_lru,reload,value_ranked_admission,29125779456,13065256960,13825684236,4081057792,0,0,29125779456,0.9745559119355958,0.9449989408827982,1.0,0.98,37,0,324,343,342,46137344,46137344,CPU,0.0,0.0,0,0
67592579738,0,oracle_reserve_lru,admission,value_ranked_working_set,28997853184,12937330688,13825684236,4081057792,0,511705088,29509558272,0.9873972477210796,0.9727573367385851,1.0,0.98,285,248,-1,0,0,0,0,,0.0,0.0,1,36
67592579738,0,oracle_reserve_lru,reload,value_ranked_admission,29083836416,13023313920,13825684236,4026531840,0,0,29083836416,0.9731524872595866,0.9419652364176849,1.0,0.98,36,0,343,402,324,54525952,54525952,CPU,0.0,0.0,0,0
67659066699,0,oracle_reserve_lru,admission,value_ranked_working_set,28964298752,12903776256,13825684236,4026531840,0,513802240,29478100992,0.9863446792140727,0.9704820583897501,1.0,0.98,283,247,-1,0,0,0,0,,0.0,0.0,1,35
67659066699,0,oracle_reserve_lru,reload,value_ranked_admission,29119488000,13058965504,13825684236,3898605568,0,0,29119488000,0.9743453982341943,0.9445438852130312,1.0,0.98,35,0,342,964,326,127926272,127926272,CPU,0.0,0.0,0,0
69096490700,0,oracle_reserve_lru,admission,value_ranked_working_set,28955910144,12895387648,13825684236,3898605568,0,490733568,29446643712,0.9852921107070658,0.9682067800409151,1.0,0.98,275,240,-1,0,0,0,0,,0.0,0.0,1,34
69096490700,0,oracle_reserve_lru,reload,value_ranked_admission,29127876608,13067354112,13825684236,3760193536,0,0,29127876608,0.9746260831693961,0.9451506261060539,1.0,0.98,34,0,374,1042,334,138412032,138412032,CPU,0.0,0.0,0,0
69152802809,0,oracle_reserve_lru,admission,value_ranked_working_set,28907675648,12847153152,13825684236,3760193536,0,488636416,29396312064,0.9836080010958548,0.9645663346827792,1.0,0.98,273,239,-1,0,0,0,0,,0.0,0.0,1,33
69152802809,0,oracle_reserve_lru,reload,value_ranked_admission,29270482944,13209960448,13825684236,3569352704,0,0,29270482944,0.9793977270678274,0.9554652212874393,1.0,0.98,33,0,376,1454,343,190840832,190840832,CPU,0.0,0.0,0,0
69703203801,0,oracle_reserve_lru,trigger,forecast_above_trigger,29473906688,13413384192,13825684236,3569352704,0,492830720,29966737408,1.0026945766895794,1.0058247154083202,1.0,0.98,273,240,-1,0,0,0,0,,0.0,0.0,273,0
69703203801,0,oracle_reserve_lru,spill,proactive_target_headroom,29419380736,13358858240,13825684236,3623878656,0,490733568,29910114304,1.0007999533769671,1.0017292143804173,1.0,0.98,273,239,380,413,375,54525952,54525952,CPU,69703203801.0,0.0,0,0
69703203801,0,oracle_reserve_lru,spill,proactive_target_headroom,29341786112,13281263616,13825684236,3701473280,0,488636416,29830422528,0.9981334464925496,0.995965175896702,1.0,0.98,273,238,382,579,375,77594624,77594624,CPU,69703203801.0,0.0,0,0
69703203801,0,oracle_reserve_lru,spill,proactive_target_headroom,29276774400,13216251904,13825684236,3766484992,0,486539264,29763313664,0.9958879670109351,0.9911112487525207,1.0,0.98,273,237,384,495,374,65011712,65011712,CPU,69703203801.0,0.0,0,0
69703203801,0,oracle_reserve_lru,spill,proactive_target_headroom,29090127872,13029605376,13825684236,3953131520,0,484442112,29574569984,0.9895725559688938,0.9774595786595107,1.0,0.98,273,236,391,1414,370,186646528,186646528,CPU,69703203801.0,0.0,0,0
70460975062,0,oracle_reserve_lru,admission,value_ranked_working_set,28987367424,12926844928,13825684236,3953131520,0,478150656,29465518080,0.98592365181127,0.9695719470502161,1.0,0.98,271,234,-1,0,0,0,0,,0.0,0.0,2,35
70460975062,0,oracle_reserve_lru,reload,value_ranked_admission,29325008896,13264486400,13825684236,3821010944,0,0,29325008896,0.9812221791466392,0.9594090370920866,1.0,0.98,35,0,380,413,375,54525952,54525952,CPU,0.0,0.0,0,0
70460975062,0,oracle_reserve_lru,reload,value_ranked_admission,29325008896,13264486400,13825684236,3821010944,0,0,29325008896,0.9812221791466392,0.9594090370920866,1.0,0.98,35,0,382,579,375,77594624,77594624,CPU,0.0,0.0,0,0
71121758405,0,oracle_reserve_lru,trigger,forecast_above_trigger,29431963648,13371441152,13825684236,3821010944,0,478150656,29910114304,1.0007999533769671,1.0017292143804173,1.0,0.98,275,240,-1,0,0,0,0,,0.0,0.0,275,0
71121758405,0,oracle_reserve_lru,spill,proactive_target_headroom,29362757632,13302235136,13825684236,3890216960,0,476053504,29838811136,0.9984141314277515,0.9965719167897247,1.0,0.98,275,239,392,525,384,69206016,69206016,CPU,71121758405.0,0.0,0,0
71121758405,0,oracle_reserve_lru,spill,proactive_target_headroom,29310328832,13249806336,13825684236,3942645760,0,473956352,29784285184,0.9965896793489396,0.9926281009850774,1.0,0.98,275,238,397,394,377,52428800,52428800,CPU,71121758405.0,0.0,0,0
71121758405,0,oracle_reserve_lru,spill,proactive_target_headroom,29201276928,13140754432,13825684236,4051697664,0,471859200,29673136128,0.9928706039575154,0.984588784152527,1.0,0.98,275,237,398,829,376,109051904,109051904,CPU,71121758405.0,0.0,0,0
71121758405,0,oracle_reserve_lru,spill,proactive_target_headroom,29148848128,13088325632,13825684236,4104126464,0,469762048,29618610176,0.9910461518787034,0.9806449683478797,1.0,0.98,275,236,401,386,372,52428800,52428800,CPU,71121758405.0,0.0,0,0
71121758405,0,oracle_reserve_lru,spill,proactive_target_headroom,29096419328,13035896832,13825684236,4156555264,0,467664896,29564084224,0.9892216997998915,0.9767011525432324,1.0,0.98,275,235,402,396,372,52428800,52428800,CPU,71121758405.0,0.0,0,0
71255136041,0,oracle_reserve_lru,admission,value_ranked_working_set,28993658880,12933136384,13825684236,4156555264,0,469762048,29463420928,0.9858534805774695,0.9694202618269605,1.0,0.98,275,235,-1,0,0,0,0,,0.0,0.0,2,38
71255136041,0,oracle_reserve_lru,reload,value_ranked_admission,29163528192,13103005696,13825684236,4034920448,0,0,29163528192,0.975818994144004,0.9477292749014002,1.0,0.98,38,0,392,525,384,69206016,69206016,CPU,0.0,0.0,0,0
71255136041,0,oracle_reserve_lru,reload,value_ranked_admission,29163528192,13103005696,13825684236,4034920448,0,0,29163528192,0.975818994144004,0.9477292749014002,1.0,0.98,38,0,397,394,377,52428800,52428800,CPU,0.0,0.0,0,0
71312258576,0,oracle_reserve_lru,admission,value_ranked_working_set,28987367424,12926844928,13825684236,4034920448,0,473956352,29461323776,0.9857833093436691,0.9692685766037048,1.0,0.98,273,235,-1,0,0,0,0,,0.0,0.0,1,37
71312258576,0,oracle_reserve_lru,reload,value_ranked_admission,29140459520,13079937024,13825684236,3925868544,0,0,29140459520,0.975047110572199,0.9460607374455879,1.0,0.98,37,0,398,829,376,109051904,109051904,CPU,0.0,0.0,0,0
71483785657,0,oracle_reserve_lru,admission,value_ranked_working_set,29043990528,12983468032,13825684236,3925868544,0,480247808,29524238336,0.9878884463576828,0.9738191333013748,1.0,0.98,273,236,-1,0,0,0,0,,0.0,0.0,1,36
71483785657,0,oracle_reserve_lru,reload,value_ranked_admission,29136265216,13075742720,13825684236,3873439744,0,0,29136265216,0.974906768104598,0.9457573669990766,1.0,0.98,36,0,401,386,372,52428800,52428800,CPU,0.0,0.0,0,0
71597836827,0,oracle_reserve_lru,admission,value_ranked_working_set,29073350656,13012828160,13825684236,3873439744,0,478150656,29551501312,0.9888006723970887,0.9757910412036984,1.0,0.98,270,234,-1,0,0,0,0,,0.0,0.0,1,35
71597836827,0,oracle_reserve_lru,reload,value_ranked_admission,29153042432,13092519936,13825684236,3821010944,0,0,29153042432,0.9754681379750016,0.9469708487851219,1.0,0.98,35,0,402,396,372,52428800,52428800,CPU,0.0,0.0,0,0
71710918095,0,oracle_reserve_lru,admission,value_ranked_working_set,29046087680,12985565184,13825684236,3821010944,0,471859200,29517946880,0.9876779326562815,0.9733640776316078,1.0,0.98,268,233,-1,0,0,0,0,,0.0,0.0,1,34
71710918095,0,oracle_reserve_lru,reload,value_ranked_admission,29142556672,13082034176,13825684236,3755999232,0,0,29142556672,0.9751172818059994,0.9462124226688436,1.0,0.98,34,0,384,495,374,65011712,65011712,CPU,0.0,0.0,0,0
74937404395,0,oracle_reserve_lru,trigger,forecast_above_trigger,29452935168,13392412672,13825684236,3755999232,0,467664896,29920600064,1.0011508095459694,1.0024876404966956,1.0,0.98,266,232,-1,0,0,0,0,,0.0,0.0,266,0
74937404395,0,oracle_reserve_lru,spill,proactive_target_headroom,29383729152,13323206656,13825684236,3825205248,0,467664896,29851394048,0.9988351588305543,0.9974820281292587,1.0,0.98,266,231,404,515,421,69206016,69206016,CPU,74937404395.0,0.0,0,0
74937404395,0,oracle_reserve_lru,spill,proactive_target_headroom,29276774400,13216251904,13825684236,3932160000,0,465567744,29742342144,0.9951862546729304,0.9895943965199641,1.0,0.98,266,230,406,813,420,106954752,106954752,CPU,74937404395.0,0.0,0,0
74937404395,0,oracle_reserve_lru,spill,proactive_target_headroom,29140459520,13079937024,13825684236,4068474880,0,463470592,29603930112,0.9905549532421002,0.9795831717850901,1.0,0.98,266,229,413,1036,410,136314880,136314880,CPU,74937404395.0,0.0,0,0
75049313595,0,oracle_reserve_lru,admission,value_ranked_working_set,29052379136,12991856640,13825684236,4068474880,0,461373440,29513752576,0.9875375901886805,0.9730607071850964,1.0,0.98,261,224,-1,0,0,0,0,,0.0,0.0,1,36
75049313595,0,oracle_reserve_lru,reload,value_ranked_admission,29150945280,13090422784,13825684236,3999268864,0,0,29150945280,0.9753979667412013,0.9468191635618662,1.0,0.98,36,0,404,515,421,69206016,69206016,CPU,0.0,0.0,0,0
75911640366,0,oracle_reserve_lru,trigger,forecast_above_trigger,29446643712,13386121216,13825684236,3999268864,0,465567744,29912211456,1.0008701246107676,1.001880899603673,1.0,0.98,263,227,-1,0,0,0,0,,0.0,0.0,263,0
75911640366,0,oracle_reserve_lru,spill,proactive_target_headroom,29354369024,13293846528,13825684236,4091543552,0,463470592,29817839616,0.997712419089747,0.995055064557168,1.0,0.98,263,226,417,701,412,92274688,92274688,CPU,75911640366.0,0.0,0,0
75911640366,0,oracle_reserve_lru,spill,proactive_target_headroom,29249511424,13188988928,13825684236,4196401152,0,461373440,29710884864,0.9941336861659236,0.987319118171129,1.0,0.98,263,225,420,794,409,104857600,104857600,CPU,75911640366.0,0.0,0,0
75911640366,0,oracle_reserve_lru,spill,proactive_target_headroom,29190791168,13130268672,13825684236,4255121408,0,459276288,29650067456,0.9920987203857102,0.9829202466967147,1.0,0.98,263,224,421,443,409,58720256,58720256,CPU,75911640366.0,0.0,0,0
75911640366,0,oracle_reserve_lru,spill,proactive_target_headroom,29102710784,13042188288,13825684236,4343201792,0,457179136,29559889920,0.9890813573322905,0.9763977820967211,1.0,0.98,263,223,425,670,406,88080384,88080384,CPU,75911640366.0,0.0,0,0
76024264584,0,oracle_reserve_lru,admission,value_ranked_working_set,28937035776,12876513280,13825684236,4343201792,0,455081984,29392117760,0.9834676586282539,0.9642629642362678,1.0,0.98,261,221,-1,0,0,0,0,,0.0,0.0,2,38
76024264584,0,oracle_reserve_lru,reload,value_ranked_admission,29169819648,13109297152,13825684236,4146069504,0,0,29169819648,0.9760295078454053,0.9481843305711672,1.0,0.98,38,0,417,701,412,92274688,92274688,CPU,0.0,0.0,0,0
76024264584,0,oracle_reserve_lru,reload,value_ranked_admission,29169819648,13109297152,13825684236,4146069504,0,0,29169819648,0.9760295078454053,0.9481843305711672,1.0,0.98,38,0,420,794,409,104857600,104857600,CPU,0.0,0.0,0,0
76080576693,0,oracle_reserve_lru,admission,value_ranked_working_set,29050281984,12989759488,13825684236,4146069504,0,459276288,29509558272,0.9873972477210796,0.9727573367385851,1.0,0.98,261,223,-1,0,0,0,0,,0.0,0.0,1,37
76080576693,0,oracle_reserve_lru,reload,value_ranked_admission,29127876608,13067354112,13825684236,4087349248,0,0,29127876608,0.9746260831693961,0.9451506261060539,1.0,0.98,37,0,421,443,409,58720256,58720256,CPU,0.0,0.0,0,0
76305250757,0,oracle_reserve_lru,admission,value_ranked_working_set,29052379136,12991856640,13825684236,4087349248,0,457179136,29509558272,0.9873972477210796,0.9727573367385851,1.0,0.98,262,225,-1,0,0,0,0,,0.0,0.0,1,36
76305250757,0,oracle_reserve_lru,reload,value_ranked_admission,29184499712,13123977216,13825684236,3999268864,0,0,29184499712,0.9765207064820085,0.949246127133957,1.0,0.98,36,0,425,670,406,88080384,88080384,CPU,0.0,0.0,0,0
76361400792,0,oracle_reserve_lru,admission,value_ranked_working_set,28997853184,12937330688,13825684236,3999268864,0,459276288,29457129472,0.9856429668760681,0.9689652061571935,1.0,0.98,261,225,-1,0,0,0,0,,0.0,0.0,1,35
76361400792,0,oracle_reserve_lru,reload,value_ranked_admission,29136265216,13075742720,13825684236,3892314112,0,0,29136265216,0.974906768104598,0.9457573669990766,1.0,0.98,35,0,406,813,420,106954752,106954752,CPU,0.0,0.0,0,0
76417550827,0,oracle_reserve_lru,admission,value_ranked_working_set,29094322176,13033799680,13825684236,3892314112,0,459276288,29553598464,0.9888708436308892,0.9759427264269541,1.0,0.98,260,225,-1,0,0,0,0,,0.0,0.0,1,34
76417550827,0,oracle_reserve_lru,reload,value_ranked_admission,29176111104,13115588608,13825684236,3841982464,0,0,29176111104,0.9762400215468067,0.9486393862409342,1.0,0.98,34,0,293,383,366,50331648,50331648,CPU,0.0,0.0,0,0
76916080525,0,oracle_reserve_lru,admission,value_ranked_working_set,29090127872,13029605376,13825684236,3841982464,0,457179136,29547307008,0.9886603299294878,0.9754876707571871,1.0,0.98,257,223,-1,0,0,0,0,,0.0,0.0,1,33
76916080525,0,oracle_reserve_lru,reload,value_ranked_admission,29182402560,13121880064,13825684236,3785359360,0,0,29182402560,0.9764505352482081,0.9490944419107012,1.0,0.98,33,0,294,422,366,56623104,56623104,CPU,0.0,0.0,0,0
78042947217,0,oracle_reserve_lru,admission,value_ranked_working_set,28960104448,12899581952,13825684236,3785359360,0,467664896,29427769344,0.9846605696028617,0.9668416130316142,1.0,0.98,258,225,-1,0,0,0,0,,0.0,0.0,1,32
78042947217,0,oracle_reserve_lru,reload,value_ranked_admission,29129973760,13069451264,13825684236,3649044480,0,0,29129973760,0.9746962544031966,0.9453023113293096,1.0,0.98,32,0,413,1036,410,136314880,136314880,CPU,0.0,0.0,0,0
78441920088,0,oracle_reserve_lru,admission,value_ranked_working_set,29056573440,12996050944,13825684236,3649044480,0,448790528,29505363968,0.9872569052534786,0.9724539662920738,1.0,0.98,255,223,-1,0,0,0,0,,0.0,0.0,1,31
78441920088,0,oracle_reserve_lru,reload,value_ranked_admission,29203374080,13142851584,13825684236,3565158400,0,0,29203374080,0.9771522475862127,0.950611294143258,1.0,0.98,31,0,312,637,364,83886080,83886080,CPU,0.0,0.0,0,0
78498070123,0,oracle_reserve_lru,admission,value_ranked_working_set,29071253504,13010731008,13825684236,3565158400,0,452984832,29524238336,0.9878884463576828,0.9738191333013748,1.0,0.98,254,223,-1,0,0,0,0,,0.0,0.0,1,30
78498070123,0,oracle_reserve_lru,reload,value_ranked_admission,29140459520,13079937024,13825684236,3514826752,0,0,29140459520,0.975047110572199,0.9460607374455879,1.0,0.98,30,0,303,373,363,50331648,50331648,CPU,0.0,0.0,0,0
78554024723,0,oracle_reserve_lru,admission,value_ranked_working_set,29081739264,13021216768,13825684236,3514826752,0,455081984,29536821248,0.9883094737604855,0.9747292446409088,1.0,0.98,253,223,-1,0,0,0,0,,0.0,0.0,1,29
78554024723,0,oracle_reserve_lru,reload,value_ranked_admission,29163528192,13103005696,13825684236,3456106496,0,0,29163528192,0.975818994144004,0.9477292749014002,1.0,0.98,29,0,309,445,358,58720256,58720256,CPU,0.0,0.0,0,0
78938171200,0,oracle_reserve_lru,admission,value_ranked_working_set,29081739264,13021216768,13825684236,3456106496,0,459276288,29541015552,0.9884498162280865,0.9750326150874201,1.0,0.98,253,224,-1,0,0,0,0,,0.0,0.0,1,28
78938171200,0,oracle_reserve_lru,reload,value_ranked_admission,29180305408,13119782912,13825684236,3391094784,0,0,29180305408,0.9763803640144076,0.9489427566874455,1.0,0.98,28,0,287,481,362,65011712,65011712,CPU,0.0,0.0,0,0
79045506318,0,oracle_reserve_lru,admission,value_ranked_working_set,29077544960,13017022464,13825684236,3391094784,0,459276288,29536821248,0.9883094737604855,0.9747292446409088,1.0,0.98,251,223,-1,0,0,0,0,,0.0,0.0,1,27
79045506318,0,oracle_reserve_lru,reload,value_ranked_admission,29161431040,13100908544,13825684236,3336568832,0,0,29161431040,0.9757488229102035,0.9475775896781445,1.0,0.98,27,0,267,408,392,54525952,54525952,CPU,0.0,0.0,0,0
79882223743,0,oracle_reserve_lru,trigger,forecast_above_trigger,29450838016,13390315520,13825684236,3336568832,0,461373440,29912211456,1.0008701246107676,1.001880899603673,1.0,0.98,254,227,-1,0,0,0,0,,0.0,0.0,254,0
79882223743,0,oracle_reserve_lru,spill,proactive_target_headroom,29387923456,13327400960,13825684236,3399483392,0,459276288,29847199744,0.9986948163629533,0.9971786576827473,1.0,0.98,254,226,430,471,455,62914560,62914560,CPU,79882223743.0,0.0,0,0
79882223743,0,oracle_reserve_lru,spill,proactive_target_headroom,29322911744,13262389248,13825684236,3464495104,0,457179136,29780090880,0.9964493368813386,0.9923247305385661,1.0,0.98,254,225,436,496,450,65011712,65011712,CPU,79882223743.0,0.0,0,0
79882223743,0,oracle_reserve_lru,spill,proactive_target_headroom,29218054144,13157531648,13825684236,3569352704,0,455081984,29673136128,0.9928706039575154,0.984588784152527,1.0,0.98,254,224,439,800,446,104857600,104857600,CPU,79882223743.0,0.0,0,0
79882223743,0,oracle_reserve_lru,spill,proactive_target_headroom,29150945280,13090422784,13825684236,3636461568,0,452984832,29603930112,0.9905549532421002,0.9795831717850901,1.0,0.98,254,223,446,510,441,67108864,67108864,CPU,79882223743.0,0.0,0,0
79951753999,0,oracle_reserve_lru,admission,value_ranked_working_set,29094322176,13033799680,13825684236,3636461568,0,452984832,29547307008,0.9886603299294878,0.9754876707571871,1.0,0.98,252,221,-1,0,0,0,0,,0.0,0.0,1,30
79951753999,0,oracle_reserve_lru,reload,value_ranked_admission,29182402560,13121880064,13825684236,3581935616,0,0,29182402560,0.9764505352482081,0.9490944419107012,1.0,0.98,30,0,244,414,398,54525952,54525952,CPU,0.0,0.0,0,0
80365303080,0,oracle_reserve_lru,admission,value_ranked_working_set,28981075968,12920553472,13825684236,3581935616,0,446693376,29427769344,0.9846605696028617,0.9668416130316142,1.0,0.98,248,218,-1,0,0,0,0,,0.0,0.0,2,28
80365303080,0,oracle_reserve_lru,reload,value_ranked_admission,29228539904,13168017408,13825684236,3454009344,0,0,29228539904,0.9779943023918182,0.9524315168223259,1.0,0.98,28,0,430,471,455,62914560,62914560,CPU,0.0,0.0,0,0
80365303080,0,oracle_reserve_lru,reload,value_ranked_admission,29228539904,13168017408,13825684236,3454009344,0,0,29228539904,0.9779943023918182,0.9524315168223259,1.0,0.98,28,0,436,496,450,65011712,65011712,CPU,0.0,0.0,0,0
80951778216,0,oracle_reserve_lru,admission,value_ranked_working_set,29018824704,12958302208,13825684236,3454009344,0,448790528,29467615232,0.9859938230450704,0.9697236322734718,1.0,0.98,246,218,-1,0,0,0,0,,0.0,0.0,1,27
80951778216,0,oracle_reserve_lru,reload,value_ranked_admission,29153042432,13092519936,13825684236,3349151744,0,0,29153042432,0.9754681379750016,0.9469708487851219,1.0,0.98,27,0,439,800,446,104857600,104857600,CPU,0.0,0.0,0,0
81060090537,0,oracle_reserve_lru,admission,value_ranked_working_set,28978978816,12918456320,13825684236,3349151744,0,452984832,29431963648,0.9848009120704626,0.9671449834781255,1.0,0.98,247,220,-1,0,0,0,0,,0.0,0.0,2,25
81060090537,0,oracle_reserve_lru,reload,value_ranked_admission,29132070912,13071548416,13825684236,3223322624,0,0,29132070912,0.9747664256369971,0.9454539965525652,1.0,0.98,25,0,446,510,441,67108864,67108864,CPU,0.0,0.0,0,0
81060090537,0,oracle_reserve_lru,reload,value_ranked_admission,29132070912,13071548416,13825684236,3223322624,0,0,29132070912,0.9747664256369971,0.9454539965525652,1.0,0.98,25,0,245,446,398,58720256,58720256,CPU,0.0,0.0,0,0
81113088208,0,oracle_reserve_lru,admission,value_ranked_working_set,29064962048,13004439552,13825684236,3223322624,0,457179136,29522141184,0.9878182751238823,0.9736674480781191,1.0,0.98,247,222,-1,0,0,0,0,,0.0,0.0,1,24
81113088208,0,oracle_reserve_lru,reload,value_ranked_admission,29174013952,13113491456,13825684236,3156213760,0,0,29174013952,0.9761698503130063,0.9484877010176785,1.0,0.98,24,0,255,502,389,67108864,67108864,CPU,0.0,0.0,0,0
81759218471,0,oracle_reserve_lru,trigger,forecast_above_trigger,29480198144,13419675648,13825684236,3156213760,0,452984832,29933182976,1.001571836948772,1.0033977518362296,1.0,0.98,251,227,-1,0,0,0,0,,0.0,0.0,251,0
81759218471,0,oracle_reserve_lru,spill,proactive_target_headroom,29415186432,13354663936,13825684236,3221225472,0,450887680,29866074112,0.9993263574671575,0.9985438246920483,1.0,0.98,251,226,449,482,462,65011712,65011712,CPU,81759218471.0,0.0,0,0
81759218471,0,oracle_reserve_lru,spill,proactive_target_headroom,29220151296,13159628800,13825684236,3416260608,0,448790528,29668941824,0.9927302614899144,0.9842854137060157,1.0,0.98,251,225,471,1476,435,195035136,195035136,CPU,81759218471.0,0.0,0,0
81759218471,0,oracle_reserve_lru,spill,proactive_target_headroom,29064962048,13004439552,13825684236,3571449856,0,446693376,29511655424,0.98746741895488,0.9729090219618408,1.0,0.98,251,224,481,1175,425,155189248,155189248,CPU,81759218471.0,0.0,0,0
81759218471,0,oracle_reserve_lru,admission,value_ranked_working_set,29064962048,13004439552,13825684236,3571449856,0,446693376,29511655424,0.98746741895488,0.9729090219618408,1.0,0.98,251,224,-1,0,0,0,0,,0.0,0.0,1,26
81759218471,0,oracle_reserve_lru,reload,value_ranked_admission,29153042432,13092519936,13825684236,3506438144,0,0,29153042432,0.9754681379750016,0.9469708487851219,1.0,0.98,26,0,449,482,462,65011712,65011712,CPU,0.0,0.0,0,0
81813412746,0,oracle_reserve_lru,admission,value_ranked_working_set,29071253504,13010731008,13825684236,3506438144,0,446693376,29517946880,0.9876779326562815,0.9733640776316078,1.0,0.98,250,224,-1,0,0,0,0,,0.0,0.0,1,25
81813412746,0,oracle_reserve_lru,reload,value_ranked_admission,29348077568,13287555072,13825684236,3447717888,0,0,29348077568,0.9819940627184442,0.9610775745478989,1.0,0.98,25,0,184,439,395,58720256,58720256,CPU,0.0,0.0,0,0
81975997811,0,oracle_reserve_lru,admission,value_ranked_working_set,29064962048,13004439552,13825684236,3447717888,0,450887680,29515849728,0.987607761422481,0.9732123924083521,1.0,0.98,247,222,-1,0,0,0,0,,0.0,0.0,1,24
81975997811,0,oracle_reserve_lru,reload,value_ranked_admission,29144653824,13084131328,13825684236,3382706176,0,0,29144653824,0.9751874530397998,0.9463641078920992,1.0,0.98,24,0,157,488,415,65011712,65011712,CPU,0.0,0.0,0,0
83275246193,0,oracle_reserve_lru,admission,value_ranked_working_set,29077544960,13017022464,13825684236,3382706176,0,450887680,29528432640,0.9880287888252837,0.9741225037478861,1.0,0.98,246,222,-1,0,0,0,0,,0.0,0.0,1,23
83331470152,0,oracle_reserve_lru,admission,value_ranked_working_set,29085933568,13025411072,13825684236,3382706176,0,452984832,29538918400,0.988379644994286,0.9748809298641644,1.0,0.98,246,222,-1,0,0,0,0,,0.0,0.0,1,23
83331470152,0,oracle_reserve_lru,reload,value_ranked_admission,29398409216,13337886720,13825684236,3323985920,0,0,29398409216,0.9836781723296553,0.9647180199060348,1.0,0.98,23,0,149,434,412,58720256,58720256,CPU,0.0,0.0,0,0
84727767485,0,oracle_reserve_lru,admission,value_ranked_working_set,29064962048,13004439552,13825684236,3323985920,0,436207616,29501169664,0.9871165627858778,0.9721505958455625,1.0,0.98,240,217,-1,0,0,0,0,,0.0,0.0,1,22
84958123572,0,oracle_reserve_lru,admission,value_ranked_working_set,28985270272,12924747776,13825684236,3323985920,0,446693376,29431963648,0.9848009120704626,0.9671449834781255,1.0,0.98,241,218,-1,0,0,0,0,,0.0,0.0,1,22
84958123572,0,oracle_reserve_lru,reload,value_ranked_admission,29174013952,13113491456,13825684236,3168796672,0,0,29174013952,0.9761698503130063,0.9484877010176785,1.0,0.98,22,0,481,1175,425,155189248,155189248,CPU,0.0,0.0,0,0
85785069446,0,oracle_reserve_lru,trigger,forecast_above_trigger,29438255104,13377732608,13825684236,3168796672,0,459276288,29897531392,1.0003789259741644,1.0008191030408833,1.0,0.98,248,226,-1,0,0,0,0,,0.0,0.0,248,0
85785069446,0,oracle_reserve_lru,spill,proactive_target_headroom,29375340544,13314818048,13825684236,3231711232,0,457179136,29832519680,0.9982036177263501,0.9961168611199577,1.0,0.98,248,225,482,478,471,62914560,62914560,CPU,85785069446.0,0.0,0,0
85785069446,0,oracle_reserve_lru,spill,proactive_target_headroom,29203374080,13142851584,13825684236,3403677696,0,455081984,29658456064,0.9923794053209121,0.9835269875897374,1.0,0.98,248,224,491,1311,449,171966464,171966464,CPU,85785069446.0,0.0,0,0
85785069446,0,oracle_reserve_lru,spill,proactive_target_headroom,29136265216,13075742720,13825684236,3470786560,0,452984832,29589250048,0.990063754605497,0.9785213752223004,1.0,0.98,248,223,492,509,449,67108864,67108864,CPU,85785069446.0,0.0,0,0
85841833005,0,oracle_reserve_lru,admission,value_ranked_working_set,29043990528,12983468032,13825684236,3470786560,0,452984832,29496975360,0.9869762203182768,0.9718472253990511,1.0,0.98,247,222,-1,0,0,0,0,,0.0,0.0,1,24
85841833005,0,oracle_reserve_lru,reload,value_ranked_admission,29140459520,13079937024,13825684236,3407872000,0,0,29140459520,0.975047110572199,0.9460607374455879,1.0,0.98,24,0,482,478,471,62914560,62914560,CPU,0.0,0.0,0,0
85898142874,0,oracle_reserve_lru,admission,value_ranked_working_set,29073350656,13012828160,13825684236,3407872000,0,455081984,29528432640,0.9880287888252837,0.9741225037478861,1.0,0.98,246,222,-1,0,0,0,0,,0.0,0.0,1,23
85898142874,0,oracle_reserve_lru,reload,value_ranked_admission,29234831360,13174308864,13825684236,3340763136,0,0,29234831360,0.9782048160932195,0.9528865724920929,1.0,0.98,23,0,492,509,449,67108864,67108864,CPU,0.0,0.0,0,0
86395950498,0,oracle_reserve_lru,admission,value_ranked_working_set,28955910144,12895387648,13825684236,3340763136,0,444596224,29400506368,0.9837483435634558,0.9648697051292905,1.0,0.98,245,222,-1,0,0,0,0,,0.0,0.0,1,22
86395950498,0,oracle_reserve_lru,reload,value_ranked_admission,29295648768,13235126272,13825684236,3168796672,0,0,29295648768,0.9802397818734329,0.9572854439665072,1.0,0.98,22,0,491,1311,449,171966464,171966464,CPU,0.0,0.0,0,0
86740418382,0,oracle_reserve_lru,trigger,forecast_above_trigger,29503266816,13442744320,13825684236,3168796672,0,446693376,29949960192,1.0021332068191757,1.004611233622275,1.0,0.98,249,227,-1,0,0,0,0,,0.0,0.0,249,0
86740418382,0,oracle_reserve_lru,spill,proactive_target_headroom,29343883264,13283360768,13825684236,3328180224,0,444596224,29788479488,0.9967300218165405,0.9929314714315887,1.0,0.98,249,226,493,1201,463,159383552,159383552,CPU,86740418382.0,0.0,0,0
86740418382,0,oracle_reserve_lru,spill,proactive_target_headroom,29270482944,13209960448,13825684236,3401580544,0,442499072,29712982016,0.9942038573997241,0.9874708033943848,1.0,0.98,249,225,497,553,462,73400320,73400320,CPU,86740418382.0,0.0,0,0
86740418382,0,oracle_reserve_lru,spill,proactive_target_headroom,29201276928,13140754432,13825684236,3470786560,0,440401920,29641678848,0.9918180354505084,0.982313505803692,1.0,0.98,249,224,500,527,461,69206016,69206016,CPU,86740418382.0,0.0,0,0
86740418382,0,oracle_reserve_lru,spill,proactive_target_headroom,29136265216,13075742720,13825684236,3535798272,0,438304768,29574569984,0.9895725559688938,0.9774595786595107,1.0,0.98,249,223,502,481,459,65011712,65011712,CPU,86740418382.0,0.0,0,0
86949080396,0,oracle_reserve_lru,admission,value_ranked_working_set,29050281984,12989759488,13825684236,3535798272,0,444596224,29494878208,0.9869060490844763,0.9716955401757955,1.0,0.98,251,225,-1,0,0,0,0,,0.0,0.0,1,25
86949080396,0,oracle_reserve_lru,reload,value_ranked_admission,29161431040,13100908544,13825684236,3462397952,0,0,29161431040,0.9757488229102035,0.9475775896781445,1.0,0.98,25,0,497,553,462,73400320,73400320,CPU,0.0,0.0,0,0
87056058765,0,oracle_reserve_lru,admission,value_ranked_working_set,28865732608,12805210112,13825684236,3462397952,0,442499072,29308231680,0.9806608092762356,0.9581955553060412,1.0,0.98,247,222,-1,0,0,0,0,,0.0,0.0,3,22
87056058765,0,oracle_reserve_lru,reload,value_ranked_admission,29188694016,13128171520,13825684236,3168796672,0,0,29188694016,0.9766610489496095,0.9495494975804682,1.0,0.98,22,0,493,1201,463,159383552,159383552,CPU,0.0,0.0,0,0
87056058765,0,oracle_reserve_lru,reload,value_ranked_admission,29188694016,13128171520,13825684236,3168796672,0,0,29188694016,0.9766610489496095,0.9495494975804682,1.0,0.98,22,0,500,527,461,69206016,69206016,CPU,0.0,0.0,0,0
87056058765,0,oracle_reserve_lru,reload,value_ranked_admission,29188694016,13128171520,13825684236,3168796672,0,0,29188694016,0.9766610489496095,0.9495494975804682,1.0,0.98,22,0,502,481,459,65011712,65011712,CPU,0.0,0.0,0,0
87162249004,0,oracle_reserve_lru,admission,value_ranked_working_set,29020921856,12960399360,13825684236,3168796672,0,450887680,29471809536,0.9861341655126713,0.9700270027199831,1.0,0.98,245,223,-1,0,0,0,0,,0.0,0.0,1,21
87162249004,0,oracle_reserve_lru,reload,value_ranked_admission,29155139584,13094617088,13825684236,3061841920,0,0,29155139584,0.9755383092088021,0.9471225340083776,1.0,0.98,21,0,301,801,365,106954752,106954752,CPU,0.0,0.0,0,0
87215266606,0,oracle_reserve_lru,admission,value_ranked_working_set,28947521536,12886999040,13825684236,3061841920,0,446693376,29394214912,0.9835378298620544,0.9644146494595235,1.0,0.98,241,220,-1,0,0,0,0,,0.0,0.0,1,20
87215266606,0,oracle_reserve_lru,reload,value_ranked_admission,29180305408,13119782912,13825684236,2866806784,0,0,29180305408,0.9763803640144076,0.9489427566874455,1.0,0.98,20,0,471,1476,435,195035136,195035136,CPU,0.0,0.0,0,0
88316919719,0,oracle_reserve_lru,trigger,forecast_above_trigger,29427769344,13367246848,13825684236,2866806784,0,467664896,29895434240,1.000308754740364,1.0006674178176276,1.0,0.98,249,229,-1,0,0,0,0,,0.0,0.0,249,0
88316919719,0,oracle_reserve_lru,spill,proactive_target_headroom,29360660480,13300137984,13825684236,2933915648,0,465567744,29826228224,0.9979931040249488,0.9956618054501907,1.0,0.98,249,228,504,501,476,67108864,67108864,CPU,88316919719.0,0.0,0,0
88316919719,0,oracle_reserve_lru,spill,proactive_target_headroom,29293551616,13233029120,13825684236,3001024512,0,463470592,29757022208,0.9956774533095336,0.9906561930827537,1.0,0.98,249,227,514,511,466,67108864,67108864,CPU,88316919719.0,0.0,0,0
88316919719,0,oracle_reserve_lru,spill,proactive_target_headroom,29213859840,13153337344,13825684236,3080716288,0,461373440,29675233280,0.9929407751913157,0.9847404693757827,1.0,0.98,249,226,515,603,466,79691776,79691776,CPU,88316919719.0,0.0,0,0
88316919719,0,oracle_reserve_lru,spill,proactive_target_headroom,29140459520,13079937024,13825684236,3154116608,0,459276288,29599735808,0.9904146107744993,0.9792798013385787,1.0,0.98,249,225,517,548,464,73400320,73400320,CPU,88316919719.0,0.0,0,0
88485599102,0,oracle_reserve_lru,trigger,forecast_above_trigger,29608124416,13547601920,13825684236,3154116608,0,467664896,30075789312,1.0063434808472034,1.0137123470176148,1.0,0.98,250,226,-1,0,0,0,0,,0.0,0.0,250,0
88485599102,0,oracle_reserve_lru,spill,proactive_target_headroom,29532626944,13472104448,13825684236,3229614080,0,465567744,29998194688,1.0037471451965863,1.0080999937571553,1.0,0.98,250,225,519,561,462,75497472,75497472,CPU,88485599102.0,0.0,0,0
88485599102,0,oracle_reserve_lru,spill,proactive_target_headroom,29467615232,13407092736,13825684236,3294625792,0,463470592,29931085824,1.0015016657149716,1.0032460666129739,1.0,0.98,250,224,527,482,451,65011712,65011712,CPU,88485599102.0,0.0,0,0
88485599102,0,oracle_reserve_lru,spill,proactive_target_headroom,29327106048,13266583552,13825684236,3435134976,0,461373440,29788479488,0.9967300218165405,0.9929314714315887,1.0,0.98,250,223,528,1063,451,140509184,140509184,CPU,88485599102.0,0.0,0,0
88485599102,0,oracle_reserve_lru,spill,proactive_target_headroom,29234831360,13174308864,13825684236,3527409664,0,459276288,29694107648,0.9935723162955199,0.9861056363850838,1.0,0.98,250,222,536,698,447,92274688,92274688,CPU,88485599102.0,0.0,0,0
88485599102,0,oracle_reserve_lru,spill,proactive_target_headroom,29165625344,13105102848,13825684236,3596615680,0,457179136,29622804480,0.9911864943463043,0.980948338794391,1.0,0.98,250,221,543,519,439,69206016,69206016,CPU,88485599102.0,0.0,0,0
88485599102,0,oracle_reserve_lru,spill,proactive_target_headroom,29104807936,13044285440,13825684236,3657433088,0,455081984,29559889920,0.9890813573322905,0.9763977820967211,1.0,0.98,250,220,546,456,439,60817408,60817408,CPU,88485599102.0,0.0,0,0
89628674208,0,oracle_reserve_lru,trigger,forecast_above_trigger,29425672192,13365149696,13825684236,3657433088,0,476053504,29901725696,1.0005192684417652,1.0011224734873947,1.0,0.98,258,228,-1,0,0,0,0,,0.0,0.0,258,0
89628674208,0,oracle_reserve_lru,spill,proactive_target_headroom,29358563328,13298040832,13825684236,3724541952,0,473956352,29832519680,0.9982036177263501,0.9961168611199577,1.0,0.98,258,227,548,504,453,67108864,67108864,CPU,89628674208.0,0.0,0,0
89628674208,0,oracle_reserve_lru,spill,proactive_target_headroom,29199179776,13138657280,13825684236,3883925504,0,471859200,29671038976,0.9928004327237149,0.9844370989292714,1.0,0.98,258,226,559,1205,438,159383552,159383552,CPU,89628674208.0,0.0,0,0
89628674208,0,oracle_reserve_lru,spill,proactive_target_headroom,29123682304,13063159808,13825684236,3959422976,0,469762048,29593444352,0.9902040970730979,0.9788247456688117,1.0,0.98,258,225,571,567,425,75497472,75497472,CPU,89628674208.0,0.0,0,0
90251221240,0,oracle_reserve_lru,admission,value_ranked_working_set,29014630400,12954107904,13825684236,3959422976,0,459276288,29473906688,0.9862043367464718,0.9701786879432388,1.0,0.98,256,223,-1,0,0,0,0,,0.0,0.0,2,31
90251221240,0,oracle_reserve_lru,reload,value_ranked_admission,29176111104,13115588608,13825684236,3831496704,0,0,29176111104,0.9762400215468067,0.9486393862409342,1.0,0.98,31,0,548,504,453,67108864,67108864,CPU,0.0,0.0,0,0
90251221240,0,oracle_reserve_lru,reload,value_ranked_admission,29176111104,13115588608,13825684236,3831496704,0,0,29176111104,0.9762400215468067,0.9486393862409342,1.0,0.98,31,0,546,456,439,60817408,60817408,CPU,0.0,0.0,0,0
91572096904,0,oracle_reserve_lru,trigger,forecast_above_trigger,29486489600,13425967104,13825684236,3831496704,0,478150656,29964640256,1.002624405455779,1.0056730301850647,1.0,0.98,262,231,-1,0,0,0,0,,0.0,0.0,262,0
91572096904,0,oracle_reserve_lru,spill,proactive_target_headroom,29283065856,13222543360,13825684236,4034920448,0,476053504,29759119360,0.9957476245433341,0.9908078783060094,1.0,0.98,262,230,575,1540,442,203423744,203423744,CPU,91572096904.0,0.0,0,0
91572096904,0,oracle_reserve_lru,spill,proactive_target_headroom,29218054144,13157531648,13825684236,4099932160,0,473956352,29692010496,0.9935021450617194,0.985953951161828,1.0,0.98,262,229,587,489,425,65011712,65011712,CPU,91572096904.0,0.0,0,0
91572096904,0,oracle_reserve_lru,spill,proactive_target_headroom,29088030720,13027508224,13825684236,4229955584,0,471859200,29559889920,0.9890813573322905,0.9763977820967211,1.0,0.98,262,228,595,990,415,130023424,130023424,CPU,91572096904.0,0.0,0,0
91650682788,0,oracle_reserve_lru,admission,value_ranked_working_set,28978978816,12918456320,13825684236,4229955584,0,469762048,29448740864,0.9853622819408663,0.9683584652641708,1.0,0.98,261,227,-1,0,0,0,0,,0.0,0.0,2,32
91650682788,0,oracle_reserve_lru,reload,value_ranked_admission,29142556672,13082034176,13825684236,4089446400,0,0,29142556672,0.9751172818059994,0.9462124226688436,1.0,0.98,32,0,587,489,425,65011712,65011712,CPU,0.0,0.0,0,0
91650682788,0,oracle_reserve_lru,reload,value_ranked_admission,29142556672,13082034176,13825684236,4089446400,0,0,29142556672,0.9751172818059994,0.9462124226688436,1.0,0.98,32,0,571,567,425,75497472,75497472,CPU,0.0,0.0,0,0
91794594375,0,oracle_reserve_lru,admission,value_ranked_working_set,29037699072,12977176576,13825684236,4089446400,0,469762048,29507461120,0.9873270764872791,0.9726056515153294,1.0,0.98,259,227,-1,0,0,0,0,,0.0,0.0,1,31
91794594375,0,oracle_reserve_lru,reload,value_ranked_admission,29144653824,13084131328,13825684236,4013948928,0,0,29144653824,0.9751874530397998,0.9463641078920992,1.0,0.98,31,0,519,561,462,75497472,75497472,CPU,0.0,0.0,0,0
92588608006,0,oracle_reserve_lru,admission,value_ranked_working_set,29058670592,12998148096,13825684236,4013948928,0,457179136,29515849728,0.987607761422481,0.9732123924083521,1.0,0.98,254,223,-1,0,0,0,0,,0.0,0.0,1,30
92588608006,0,oracle_reserve_lru,reload,value_ranked_admission,29150945280,13090422784,13825684236,3948937216,0,0,29150945280,0.9753979667412013,0.9468191635618662,1.0,0.98,30,0,527,482,451,65011712,65011712,CPU,0.0,0.0,0,0
92863273567,0,oracle_reserve_lru,trigger,forecast_above_trigger,29469712384,13409189888,13825684236,3948937216,0,455081984,29924794368,1.0012911520135703,1.002791010943207,1.0,0.98,256,226,-1,0,0,0,0,,0.0,0.0,256,0
92863273567,0,oracle_reserve_lru,spill,proactive_target_headroom,29408894976,13348372480,13825684236,4009754624,0,452984832,29861879808,0.9991860149995565,0.998240454245537,1.0,0.98,256,225,602,460,436,60817408,60817408,CPU,92863273567.0,0.0,0,0
92863273567,0,oracle_reserve_lru,spill,proactive_target_headroom,29343883264,13283360768,13825684236,4074766336,0,450887680,29794770944,0.9969405355179419,0.9933865271013557,1.0,0.98,256,224,604,482,429,65011712,65011712,CPU,92863273567.0,0.0,0,0
92863273567,0,oracle_reserve_lru,spill,proactive_target_headroom,29285163008,13224640512,13825684236,4133486592,0,450887680,29736050688,0.9949757409715291,0.9891393408501971,1.0,0.98,256,223,605,441,427,58720256,58720256,CPU,92863273567.0,0.0,0,0
92863273567,0,oracle_reserve_lru,spill,proactive_target_headroom,29228539904,13168017408,13825684236,4190109696,0,448790528,29677330432,0.9930109464251162,0.9848921545990383,1.0,0.98,256,222,609,429,422,56623104,56623104,CPU,92863273567.0,0.0,0,0
92863273567,0,oracle_reserve_lru,spill,proactive_target_headroom,29088030720,13027508224,13825684236,4330618880,0,446693376,29534724096,0.9882393025266851,0.9745775594176531,1.0,0.98,256,221,620,1063,413,140509184,140509184,CPU,92863273567.0,0.0,0,0
92863273567,0,oracle_reserve_lru,admission,value_ranked_working_set,29088030720,13027508224,13825684236,4330618880,0,446693376,29534724096,0.9882393025266851,0.9745775594176531,1.0,0.98,256,221,-1,0,0,0,0,,0.0,0.0,1,34
92863273567,0,oracle_reserve_lru,reload,value_ranked_admission,29169819648,13109297152,13825684236,4269801472,0,0,29169819648,0.9760295078454053,0.9481843305711672,1.0,0.98,34,0,602,460,436,60817408,60817408,CPU,0.0,0.0,0,0
92995440107,0,oracle_reserve_lru,admission,value_ranked_working_set,29094322176,13033799680,13825684236,4269801472,0,442499072,29536821248,0.9883094737604855,0.9747292446409088,1.0,0.98,253,219,-1,0,0,0,0,,0.0,0.0,1,33
92995440107,0,oracle_reserve_lru,reload,value_ranked_admission,29176111104,13115588608,13825684236,4204789760,0,0,29176111104,0.9762400215468067,0.9486393862409342,1.0,0.98,33,0,604,482,429,65011712,65011712,CPU,0.0,0.0,0,0
93173820993,0,oracle_reserve_lru,admission,value_ranked_working_set,28993658880,12933136384,13825684236,4204789760,0,444596224,29438255104,0.985011425771864,0.9676000391478925,1.0,0.98,249,216,-1,0,0,0,0,,0.0,0.0,2,31
93173820993,0,oracle_reserve_lru,reload,value_ranked_admission,29138362368,13077839872,13825684236,4089446400,0,0,29138362368,0.9749769393383985,0.9459090522223322,1.0,0.98,31,0,605,441,427,58720256,58720256,CPU,0.0,0.0,0,0
93173820993,0,oracle_reserve_lru,reload,value_ranked_admission,29138362368,13077839872,13825684236,4089446400,0,0,29138362368,0.9749769393383985,0.9459090522223322,1.0,0.98,31,0,609,429,422,56623104,56623104,CPU,0.0,0.0,0,0
93226336350,0,oracle_reserve_lru,admission,value_ranked_working_set,28993658880,12933136384,13825684236,4089446400,0,442499072,29436157952,0.9849412545380636,0.9674483539246368,1.0,0.98,246,215,-1,0,0,0,0,,0.0,0.0,1,30
93226336350,0,oracle_reserve_lru,reload,value_ranked_admission,29163528192,13103005696,13825684236,3948937216,0,0,29163528192,0.975818994144004,0.9477292749014002,1.0,0.98,30,0,620,1063,413,140509184,140509184,CPU,0.0,0.0,0,0
93448893306,0,oracle_reserve_lru,admission,value_ranked_working_set,29088030720,13027508224,13825684236,3948937216,0,442499072,29530529792,0.9880989600590842,0.9742741889711418,1.0,0.98,247,217,-1,0,0,0,0,,0.0,0.0,1,29
93448893306,0,oracle_reserve_lru,reload,value_ranked_admission,29192888320,13132365824,13825684236,3879731200,0,0,29192888320,0.9768013914172103,0.9498528680269795,1.0,0.98,29,0,543,519,439,69206016,69206016,CPU,0.0,0.0,0,0
94065016761,0,oracle_reserve_lru,admission,value_ranked_working_set,28892995584,12832473088,13825684236,3879731200,0,442499072,29335494656,0.9815730353156416,0.9601674632083649,1.0,0.98,244,215,-1,0,0,0,0,,0.0,0.0,1,28
94065016761,0,oracle_reserve_lru,reload,value_ranked_admission,29125779456,13065256960,13825684236,3676307456,0,0,29125779456,0.9745559119355958,0.9449989408827982,1.0,0.98,28,0,575,1540,442,203423744,203423744,CPU,0.0,0.0,0,0
94178812541,0,oracle_reserve_lru,admission,value_ranked_working_set,29025116160,12964593664,13825684236,3676307456,0,440401920,29465518080,0.98592365181127,0.9695719470502161,1.0,0.98,241,213,-1,0,0,0,0,,0.0,0.0,1,27
94178812541,0,oracle_reserve_lru,reload,value_ranked_admission,29188694016,13128171520,13825684236,3546284032,0,0,29188694016,0.9766610489496095,0.9495494975804682,1.0,0.98,27,0,595,990,415,130023424,130023424,CPU,0.0,0.0,0,0
94593298260,0,oracle_reserve_lru,admission,value_ranked_working_set,29104807936,13044285440,13825684236,3546284032,0,429916160,29534724096,0.9882393025266851,0.9745775594176531,1.0,0.98,238,211,-1,0,0,0,0,,0.0,0.0,1,26
94593298260,0,oracle_reserve_lru,reload,value_ranked_admission,29197082624,13136560128,13825684236,3479175168,0,0,29197082624,0.9769417338848113,0.950156238473491,1.0,0.98,26,0,504,501,476,67108864,67108864,CPU,0.0,0.0,0,0
94834168810,0,oracle_reserve_lru,admission,value_ranked_working_set,29018824704,12958302208,13825684236,3479175168,0,419430400,29438255104,0.985011425771864,0.9676000391478925,1.0,0.98,232,206,-1,0,0,0,0,,0.0,0.0,1,25
94834168810,0,oracle_reserve_lru,reload,value_ranked_admission,29325008896,13264486400,13825684236,3319791616,0,0,29325008896,0.9812221791466392,0.9594090370920866,1.0,0.98,25,0,559,1205,438,159383552,159383552,CPU,0.0,0.0,0,0
94993516881,0,oracle_reserve_lru,trigger,forecast_above_trigger,29513752576,13453230080,13825684236,3319791616,0,413138944,29926891520,1.0013613232473708,1.0029426961664627,1.0,0.98,234,209,-1,0,0,0,0,,0.0,0.0,234,0
94993516881,0,oracle_reserve_lru,spill,proactive_target_headroom,29450838016,13390315520,13825684236,3382706176,0,411041792,29861879808,0.9991860149995565,0.998240454245537,1.0,0.98,234,208,624,467,459,62914560,62914560,CPU,94993516881.0,0.0,0,0
94993516881,0,oracle_reserve_lru,spill,proactive_target_headroom,29366951936,13306429440,13825684236,3466592256,0,408944640,29775896576,0.9963089944137378,0.9920213600920547,1.0,0.98,234,207,625,637,459,83886080,83886080,CPU,94993516881.0,0.0,0,0
94993516881,0,oracle_reserve_lru,spill,proactive_target_headroom,29243219968,13182697472,13825684236,3590324224,0,406847488,29650067456,0.9920987203857102,0.9829202466967147,1.0,0.98,234,206,280,937,823,123731968,123731968,CPU,94993516881.0,0.0,0,0
94993516881,0,oracle_reserve_lru,spill,proactive_target_headroom,29109002240,13048479744,13825684236,3724541952,0,404750336,29513752576,0.9875375901886805,0.9730607071850964,1.0,0.98,234,205,628,1015,456,134217728,134217728,CPU,94993516881.0,0.0,0,0
94993516881,0,oracle_reserve_lru,admission,value_ranked_working_set,29109002240,13048479744,13825684236,3724541952,0,404750336,29513752576,0.9875375901886805,0.9730607071850964,1.0,0.98,234,205,-1,0,0,0,0,,0.0,0.0,1,28
94993516881,0,oracle_reserve_lru,reload,value_ranked_admission,29192888320,13132365824,13825684236,3661627392,0,0,29192888320,0.9768013914172103,0.9498528680269795,1.0,0.98,28,0,624,467,459,62914560,62914560,CPU,0.0,0.0,0,0
95055065898,0,oracle_reserve_lru,admission,value_ranked_working_set,29119488000,13058965504,13825684236,3661627392,0,406847488,29526335488,0.9879586175914833,0.9739708185246304,1.0,0.98,233,205,-1,0,0,0,0,,0.0,0.0,1,27
95055065898,0,oracle_reserve_lru,reload,value_ranked_admission,29234831360,13174308864,13825684236,3594518528,0,0,29234831360,0.9782048160932195,0.9528865724920929,1.0,0.98,27,0,514,511,466,67108864,67108864,CPU,0.0,0.0,0,0
95107787215,0,oracle_reserve_lru,admission,value_ranked_working_set,29012533248,12952010752,13825684236,3594518528,0,402653184,29415186432,0.9842395422000589,0.9659315016920802,1.0,0.98,232,205,-1,0,0,0,0,,0.0,0.0,2,25
95107787215,0,oracle_reserve_lru,reload,value_ranked_admission,29220151296,13159628800,13825684236,3418357760,0,0,29220151296,0.9777136174566163,0.9518247759293033,1.0,0.98,25,0,625,637,459,83886080,83886080,CPU,0.0,0.0,0,0
95107787215,0,oracle_reserve_lru,reload,value_ranked_admission,29220151296,13159628800,13825684236,3418357760,0,0,29220151296,0.9777136174566163,0.9518247759293033,1.0,0.98,25,0,536,698,447,92274688,92274688,CPU,0.0,0.0,0,0
95133937348,0,oracle_reserve_lru,admission,value_ranked_working_set,28958007296,12897484800,13825684236,3418357760,0,408944640,29366951936,0.9826256038226484,0.9624427415571999,1.0,0.98,230,205,-1,0,0,0,0,,0.0,0.0,2,23
95133937348,0,oracle_reserve_lru,reload,value_ranked_admission,29192888320,13132365824,13825684236,3214934016,0,0,29192888320,0.9768013914172103,0.9498528680269795,1.0,0.98,23,0,280,937,823,123731968,123731968,CPU,0.0,0.0,0,0
95133937348,0,oracle_reserve_lru,reload,value_ranked_admission,29192888320,13132365824,13825684236,3214934016,0,0,29192888320,0.9768013914172103,0.9498528680269795,1.0,0.98,23,0,515,603,466,79691776,79691776,CPU,0.0,0.0,0,0
95160087481,0,oracle_reserve_lru,admission,value_ranked_working_set,28953812992,12893290496,13825684236,3214934016,0,413138944,29366951936,0.9826256038226484,0.9624427415571999,1.0,0.98,229,206,-1,0,0,0,0,,0.0,0.0,2,21
95160087481,0,oracle_reserve_lru,reload,value_ranked_admission,29188694016,13128171520,13825684236,3007315968,0,0,29188694016,0.9766610489496095,0.9495494975804682,1.0,0.98,21,0,628,1015,456,134217728,134217728,CPU,0.0,0.0,0,0
95160087481,0,oracle_reserve_lru,reload,value_ranked_admission,29188694016,13128171520,13825684236,3007315968,0,0,29188694016,0.9766610489496095,0.9495494975804682,1.0,0.98,21,0,517,548,464,73400320,73400320,CPU,0.0,0.0,0,0
95238537880,0,oracle_reserve_lru,admission,value_ranked_working_set,28987367424,12926844928,13825684236,3007315968,0,413138944,29400506368,0.9837483435634558,0.9648697051292905,1.0,0.98,226,205,-1,0,0,0,0,,0.0,0.0,1,20
95238537880,0,oracle_reserve_lru,reload,value_ranked_admission,29148848128,13088325632,13825684236,2866806784,0,0,29148848128,0.9753277955074008,0.9466674783386106,1.0,0.98,20,0,528,1063,451,140509184,140509184,CPU,0.0,0.0,0,0
95264688013,0,oracle_reserve_lru,admission,value_ranked_working_set,28985270272,12924747776,13825684236,2866806784,0,415236096,29400506368,0.9837483435634558,0.9648697051292905,1.0,0.98,224,204,-1,0,0,0,0,,0.0,0.0,1,19
95264688013,0,oracle_reserve_lru,reload,value_ranked_admission,29194985472,13134462976,13825684236,2680160256,0,0,29194985472,0.9768715626510108,0.9500045532502353,1.0,0.98,19,0,391,1414,370,186646528,186646528,CPU,0.0,0.0,0,0
95371534273,0,oracle_reserve_lru,admission,value_ranked_working_set,29056573440,12996050944,13825684236,2680160256,0,415236096,29471809536,0.9861341655126713,0.9700270027199831,1.0,0.98,220,201,-1,0,0,0,0,,0.0,0.0,1,18
95371534273,0,oracle_reserve_lru,reload,value_ranked_admission,29192888320,13132365824,13825684236,2571108352,0,0,29192888320,0.9768013914172103,0.9498528680269795,1.0,0.98,18,0,281,823,366,109051904,109051904,CPU,0.0,0.0,0,0
95531867014,0,oracle_reserve_lru,admission,value_ranked_working_set,29117390848,13056868352,13825684236,2571108352,0,411041792,29528432640,0.9880287888252837,0.9741225037478861,1.0,0.98,219,201,-1,0,0,0,0,,0.0,0.0,1,17
95531867014,0,oracle_reserve_lru,reload,value_ranked_admission,29276774400,13216251904,13825684236,2497708032,0,0,29276774400,0.9796082407692287,0.9559202769572062,1.0,0.98,17,0,113,548,479,73400320,73400320,CPU,0.0,0.0,0,0
95634922482,0,oracle_reserve_lru,admission,value_ranked_working_set,28983173120,12922650624,13825684236,2497708032,0,402653184,29385826304,0.9832571449268526,0.9638079085665009,1.0,0.98,218,201,-1,0,0,0,0,,0.0,0.0,1,16
95634922482,0,oracle_reserve_lru,reload,value_ranked_admission,29194985472,13134462976,13825684236,2313158656,0,0,29194985472,0.9768715626510108,0.9500045532502353,1.0,0.98,16,0,378,1400,342,184549376,184549376,CPU,0.0,0.0,0,0
95789505684,0,oracle_reserve_lru,admission,value_ranked_working_set,29050281984,12989759488,13825684236,2313158656,0,400556032,29450838016,0.9854324531746668,0.9685101504874265,1.0,0.98,211,195,-1,0,0,0,0,,0.0,0.0,1,15
95789505684,0,oracle_reserve_lru,reload,value_ranked_admission,29226442752,13165920256,13825684236,2162163712,0,0,29226442752,0.9779241311580177,0.9522798315990703,1.0,0.98,15,0,290,1145,361,150994944,150994944,CPU,0.0,0.0,0,0
95815269551,0,oracle_reserve_lru,admission,value_ranked_working_set,29046087680,12985565184,13825684236,2162163712,0,398458880,29444546560,0.9852219394732654,0.9680550948176595,1.0,0.98,210,195,-1,0,0,0,0,,0.0,0.0,1,14
95815269551,0,oracle_reserve_lru,reload,value_ranked_admission,29194985472,13134462976,13825684236,2044723200,0,0,29194985472,0.9768715626510108,0.9500045532502353,1.0,0.98,14,0,270,888,388,117440512,117440512,CPU,0.0,0.0,0,0
95868103020,0,oracle_reserve_lru,admission,value_ranked_working_set,28985270272,12924747776,13825684236,2044723200,0,396361728,29381632000,0.9831168024592516,0.9635045381199895,1.0,0.98,208,194,-1,0,0,0,0,,0.0,0.0,1,13
95868103020,0,oracle_reserve_lru,reload,value_ranked_admission,29205471232,13144948736,13825684236,1851785216,0,0,29205471232,0.9772224188200132,0.9507629793665135,1.0,0.98,13,0,361,1458,331,192937984,192937984,CPU,0.0,0.0,0,0
95919708721,0,oracle_reserve_lru,admission,value_ranked_working_set,29115293696,13054771200,13825684236,1851785216,0,398458880,29513752576,0.9875375901886805,0.9730607071850964,1.0,0.98,208,195,-1,0,0,0,0,,0.0,0.0,1,12
95919708721,0,oracle_reserve_lru,reload,value_ranked_admission,29228539904,13168017408,13825684236,1759510528,0,0,29228539904,0.9779943023918182,0.9524315168223259,1.0,0.98,12,0,249,692,392,92274688,92274688,CPU,0.0,0.0,0,0
96131546419,0,oracle_reserve_lru,admission,value_ranked_working_set,29062864896,13002342400,13825684236,1759510528,0,392167424,29455032320,0.9855727956422676,0.9688135209339378,1.0,0.98,206,194,-1,0,0,0,0,,0.0,0.0,1,11
96131546419,0,oracle_reserve_lru,reload,value_ranked_admission,29207568384,13147045888,13825684236,1639972864,0,0,29207568384,0.9772925900538136,0.9509146645897693,1.0,0.98,11,0,198,908,389,119537664,119537664,CPU,0.0,0.0,0,0
96157956337,0,oracle_reserve_lru,admission,value_ranked_working_set,29020921856,12960399360,13825684236,1639972864,0,394264576,29415186432,0.9842395422000589,0.9659315016920802,1.0,0.98,204,193,-1,0,0,0,0,,0.0,0.0,1,10
96157956337,0,oracle_reserve_lru,reload,value_ranked_admission,29205471232,13144948736,13825684236,1476395008,0,0,29205471232,0.9772224188200132,0.9507629793665135,1.0,0.98,10,0,329,1245,337,163577856,163577856,CPU,0.0,0.0,0,0
96776940771,0,oracle_reserve_lru,admission,value_ranked_working_set,29088030720,13027508224,13825684236,1476395008,0,387973120,29476003840,0.9862745079802723,0.9703303731664945,1.0,0.98,202,192,-1,0,0,0,0,,0.0,0.0,1,9
96776940771,0,oracle_reserve_lru,reload,value_ranked_admission,29230637056,13170114560,13825684236,1361051648,0,0,29230637056,0.9780644736256187,0.9525832020455816,1.0,0.98,9,0,172,874,393,115343360,115343360,CPU,0.0,0.0,0,0
96956724182,0,oracle_reserve_lru,admission,value_ranked_working_set,28951715840,12891193344,13825684236,1361051648,0,385875968,29337591808,0.981643206549442,0.9603191484316205,1.0,0.98,200,191,-1,0,0,0,0,,0.0,0.0,2,7
96956724182,0,oracle_reserve_lru,reload,value_ranked_admission,29222248448,13161725952,13825684236,1109393408,0,0,29222248448,0.9777837886904168,0.9519764611525589,1.0,0.98,7,0,257,1240,397,163577856,163577856,CPU,0.0,0.0,0,0
96956724182,0,oracle_reserve_lru,reload,value_ranked_admission,29222248448,13161725952,13825684236,1109393408,0,0,29222248448,0.9777837886904168,0.9519764611525589,1.0,0.98,7,0,163,665,396,88080384,88080384,CPU,0.0,0.0,0,0
96983078320,0,oracle_reserve_lru,admission,value_ranked_working_set,29060767744,13000245248,13825684236,1109393408,0,387973120,29448740864,0.9853622819408663,0.9683584652641708,1.0,0.98,198,191,-1,0,0,0,0,,0.0,0.0,1,6
96983078320,0,oracle_reserve_lru,reload,value_ranked_admission,29239025664,13178503168,13825684236,956301312,0,0,29239025664,0.9783451585608205,0.9531899429386043,1.0,0.98,6,0,223,1153,382,153092096,153092096,CPU,0.0,0.0,0,0
97035786596,0,oracle_reserve_lru,admission,value_ranked_working_set,29083836416,13023313920,13825684236,956301312,0,387973120,29471809536,0.9861341655126713,0.9700270027199831,1.0,0.98,195,189,-1,0,0,0,0,,0.0,0.0,1,5
97035786596,0,oracle_reserve_lru,reload,value_ranked_admission,29184499712,13123977216,13825684236,876609536,0,0,29184499712,0.9765207064820085,0.949246127133957,1.0,0.98,5,0,61,603,534,79691776,79691776,CPU,0.0,0.0,0,0
97167557286,0,oracle_reserve_lru,admission,value_ranked_working_set,28995756032,12935233536,13825684236,876609536,0,383778816,29379534848,0.9830466312254512,0.9633528528967339,1.0,0.98,192,187,-1,0,0,0,0,,0.0,0.0,1,4
97167557286,0,oracle_reserve_lru,reload,value_ranked_admission,29232734208,13172211712,13825684236,700448768,0,0,29232734208,0.9781346448594191,0.9527348872688373,1.0,0.98,4,0,210,1335,387,176160768,176160768,CPU,0.0,0.0,0,0
97304807422,0,oracle_reserve_lru,admission,value_ranked_working_set,29054476288,12993953792,13825684236,700448768,0,375390208,29429866496,0.9847307408366621,0.9669932982548698,1.0,0.98,191,187,-1,0,0,0,0,,0.0,0.0,1,3
97304807422,0,oracle_reserve_lru,reload,value_ranked_admission,29209665536,13149143040,13825684236,559939584,0,0,29209665536,0.977362761287614,0.951066349813025,1.0,0.98,3,0,178,1068,400,140509184,140509184,CPU,0.0,0.0,0,0
97435558087,0,oracle_reserve_lru,admission,value_ranked_working_set,28830081024,12769558528,13825684236,559939584,0,364904448,29194985472,0.9768715626510108,0.9500045532502353,1.0,0.98,185,182,-1,0,0,0,0,,0.0,0.0,2,1
97435558087,0,oracle_reserve_lru,reload,value_ranked_admission,29239025664,13178503168,13825684236,176160768,0,0,29239025664,0.9783451585608205,0.9531899429386043,1.0,0.98,1,0,173,1586,393,209715200,209715200,CPU,0.0,0.0,0,0
97435558087,0,oracle_reserve_lru,reload,value_ranked_admission,29239025664,13178503168,13825684236,176160768,0,0,29239025664,0.9783451585608205,0.9531899429386043,1.0,0.98,1,0,169,1319,390,174063616,174063616,CPU,0.0,0.0,0,0
97461708220,0,oracle_reserve_lru,admission,value_ranked_working_set,29029310464,12968787968,13825684236,176160768,0,367001600,29396312064,0.9836080010958548,0.9645663346827792,1.0,0.98,184,183,-1,0,0,0,0,,0.0,0.0,1,0
97461708220,0,oracle_reserve_lru,reload,value_ranked_admission,29226442752,13165920256,13825684236,0,0,0,29226442752,0.9779241311580177,0.9522798315990703,1.0,0.98,0,0,130,1330,445,176160768,176160768,CPU,0.0,0.0,0,0
